2025-03-10 12:33:26,657 [Worker-4: Loading available Gradle versions] INFO  o.e.b.c.i.u.g.PublishedGradleVersions - Gradle version information cache is up-to-date. Trying to read.
2025-03-10 12:38:27,621 [Worker-13: Launching mavenrun-f8c89bbe-53f8-4321-a9ee-5729e3e33f93] INFO  o.eclipse.m2e.core.internal.Bundles - getClasspathEntries(Bundle=org.eclipse.m2e.maven.runtime_3.9.400.20230826-0755 [624])
2025-03-10 12:38:27,624 [Worker-13: Launching mavenrun-f8c89bbe-53f8-4321-a9ee-5729e3e33f93] INFO  o.eclipse.m2e.core.internal.Bundles - 	Entry: D:\Downloads\eclipse-jee-2023-09-R-win32-x86_64\eclipse\plugins\org.eclipse.m2e.maven.runtime_3.9.400.20230826-0755
2025-03-10 12:38:27,625 [Worker-13: Launching mavenrun-f8c89bbe-53f8-4321-a9ee-5729e3e33f93] INFO  o.eclipse.m2e.core.internal.Bundles - 	Entry: D:\Downloads\eclipse-jee-2023-09-R-win32-x86_64\eclipse\plugins\org.eclipse.m2e.maven.runtime_3.9.400.20230826-0755\jars\aether-connector-okhttp-0.17.8.jar
2025-03-10 12:38:27,625 [Worker-13: Launching mavenrun-f8c89bbe-53f8-4321-a9ee-5729e3e33f93] INFO  o.eclipse.m2e.core.internal.Bundles - 	Entry: D:\Downloads\eclipse-jee-2023-09-R-win32-x86_64\eclipse\plugins\org.eclipse.m2e.maven.runtime_3.9.400.20230826-0755\jars\aopalliance-1.0.jar
2025-03-10 12:38:27,625 [Worker-13: Launching mavenrun-f8c89bbe-53f8-4321-a9ee-5729e3e33f93] INFO  o.eclipse.m2e.core.internal.Bundles - 	Entry: D:\Downloads\eclipse-jee-2023-09-R-win32-x86_64\eclipse\plugins\org.eclipse.m2e.maven.runtime_3.9.400.20230826-0755\jars\commons-lang3-3.12.0.jar
2025-03-10 12:38:27,625 [Worker-13: Launching mavenrun-f8c89bbe-53f8-4321-a9ee-5729e3e33f93] INFO  o.eclipse.m2e.core.internal.Bundles - 	Entry: D:\Downloads\eclipse-jee-2023-09-R-win32-x86_64\eclipse\plugins\org.eclipse.m2e.maven.runtime_3.9.400.20230826-0755\jars\guice-5.1.0.jar
2025-03-10 12:38:27,625 [Worker-13: Launching mavenrun-f8c89bbe-53f8-4321-a9ee-5729e3e33f93] INFO  o.eclipse.m2e.core.internal.Bundles - 	Entry: D:\Downloads\eclipse-jee-2023-09-R-win32-x86_64\eclipse\plugins\org.eclipse.m2e.maven.runtime_3.9.400.20230826-0755\jars\jansi-2.4.0.jar
2025-03-10 12:38:27,625 [Worker-13: Launching mavenrun-f8c89bbe-53f8-4321-a9ee-5729e3e33f93] INFO  o.eclipse.m2e.core.internal.Bundles - 	Entry: D:\Downloads\eclipse-jee-2023-09-R-win32-x86_64\eclipse\plugins\org.eclipse.m2e.maven.runtime_3.9.400.20230826-0755\jars\maven-artifact-3.9.4.jar
2025-03-10 12:38:27,625 [Worker-13: Launching mavenrun-f8c89bbe-53f8-4321-a9ee-5729e3e33f93] INFO  o.eclipse.m2e.core.internal.Bundles - 	Entry: D:\Downloads\eclipse-jee-2023-09-R-win32-x86_64\eclipse\plugins\org.eclipse.m2e.maven.runtime_3.9.400.20230826-0755\jars\maven-builder-support-3.9.4.jar
2025-03-10 12:38:27,625 [Worker-13: Launching mavenrun-f8c89bbe-53f8-4321-a9ee-5729e3e33f93] INFO  o.eclipse.m2e.core.internal.Bundles - 	Entry: D:\Downloads\eclipse-jee-2023-09-R-win32-x86_64\eclipse\plugins\org.eclipse.m2e.maven.runtime_3.9.400.20230826-0755\jars\maven-compat-3.9.4.jar
2025-03-10 12:38:27,625 [Worker-13: Launching mavenrun-f8c89bbe-53f8-4321-a9ee-5729e3e33f93] INFO  o.eclipse.m2e.core.internal.Bundles - 	Entry: D:\Downloads\eclipse-jee-2023-09-R-win32-x86_64\eclipse\plugins\org.eclipse.m2e.maven.runtime_3.9.400.20230826-0755\jars\maven-core-3.9.4.jar
2025-03-10 12:38:27,625 [Worker-13: Launching mavenrun-f8c89bbe-53f8-4321-a9ee-5729e3e33f93] INFO  o.eclipse.m2e.core.internal.Bundles - 	Entry: D:\Downloads\eclipse-jee-2023-09-R-win32-x86_64\eclipse\plugins\org.eclipse.m2e.maven.runtime_3.9.400.20230826-0755\jars\maven-embedder-3.9.4.jar
2025-03-10 12:38:27,625 [Worker-13: Launching mavenrun-f8c89bbe-53f8-4321-a9ee-5729e3e33f93] INFO  o.eclipse.m2e.core.internal.Bundles - 	Entry: D:\Downloads\eclipse-jee-2023-09-R-win32-x86_64\eclipse\plugins\org.eclipse.m2e.maven.runtime_3.9.400.20230826-0755\jars\maven-model-3.9.4.jar
2025-03-10 12:38:27,626 [Worker-13: Launching mavenrun-f8c89bbe-53f8-4321-a9ee-5729e3e33f93] INFO  o.eclipse.m2e.core.internal.Bundles - 	Entry: D:\Downloads\eclipse-jee-2023-09-R-win32-x86_64\eclipse\plugins\org.eclipse.m2e.maven.runtime_3.9.400.20230826-0755\jars\maven-model-builder-3.9.4.jar
2025-03-10 12:38:27,626 [Worker-13: Launching mavenrun-f8c89bbe-53f8-4321-a9ee-5729e3e33f93] INFO  o.eclipse.m2e.core.internal.Bundles - 	Entry: D:\Downloads\eclipse-jee-2023-09-R-win32-x86_64\eclipse\plugins\org.eclipse.m2e.maven.runtime_3.9.400.20230826-0755\jars\maven-plugin-api-3.9.4.jar
2025-03-10 12:38:27,626 [Worker-13: Launching mavenrun-f8c89bbe-53f8-4321-a9ee-5729e3e33f93] INFO  o.eclipse.m2e.core.internal.Bundles - 	Entry: D:\Downloads\eclipse-jee-2023-09-R-win32-x86_64\eclipse\plugins\org.eclipse.m2e.maven.runtime_3.9.400.20230826-0755\jars\maven-repository-metadata-3.9.4.jar
2025-03-10 12:38:27,626 [Worker-13: Launching mavenrun-f8c89bbe-53f8-4321-a9ee-5729e3e33f93] INFO  o.eclipse.m2e.core.internal.Bundles - 	Entry: D:\Downloads\eclipse-jee-2023-09-R-win32-x86_64\eclipse\plugins\org.eclipse.m2e.maven.runtime_3.9.400.20230826-0755\jars\maven-resolver-api-1.9.14.jar
2025-03-10 12:38:27,626 [Worker-13: Launching mavenrun-f8c89bbe-53f8-4321-a9ee-5729e3e33f93] INFO  o.eclipse.m2e.core.internal.Bundles - 	Entry: D:\Downloads\eclipse-jee-2023-09-R-win32-x86_64\eclipse\plugins\org.eclipse.m2e.maven.runtime_3.9.400.20230826-0755\jars\maven-resolver-connector-basic-1.9.14.jar
2025-03-10 12:38:27,626 [Worker-13: Launching mavenrun-f8c89bbe-53f8-4321-a9ee-5729e3e33f93] INFO  o.eclipse.m2e.core.internal.Bundles - 	Entry: D:\Downloads\eclipse-jee-2023-09-R-win32-x86_64\eclipse\plugins\org.eclipse.m2e.maven.runtime_3.9.400.20230826-0755\jars\maven-resolver-impl-1.9.14.jar
2025-03-10 12:38:27,626 [Worker-13: Launching mavenrun-f8c89bbe-53f8-4321-a9ee-5729e3e33f93] INFO  o.eclipse.m2e.core.internal.Bundles - 	Entry: D:\Downloads\eclipse-jee-2023-09-R-win32-x86_64\eclipse\plugins\org.eclipse.m2e.maven.runtime_3.9.400.20230826-0755\jars\maven-resolver-named-locks-1.9.14.jar
2025-03-10 12:38:27,626 [Worker-13: Launching mavenrun-f8c89bbe-53f8-4321-a9ee-5729e3e33f93] INFO  o.eclipse.m2e.core.internal.Bundles - 	Entry: D:\Downloads\eclipse-jee-2023-09-R-win32-x86_64\eclipse\plugins\org.eclipse.m2e.maven.runtime_3.9.400.20230826-0755\jars\maven-resolver-provider-3.9.4.jar
2025-03-10 12:38:27,626 [Worker-13: Launching mavenrun-f8c89bbe-53f8-4321-a9ee-5729e3e33f93] INFO  o.eclipse.m2e.core.internal.Bundles - 	Entry: D:\Downloads\eclipse-jee-2023-09-R-win32-x86_64\eclipse\plugins\org.eclipse.m2e.maven.runtime_3.9.400.20230826-0755\jars\maven-resolver-spi-1.9.14.jar
2025-03-10 12:38:27,626 [Worker-13: Launching mavenrun-f8c89bbe-53f8-4321-a9ee-5729e3e33f93] INFO  o.eclipse.m2e.core.internal.Bundles - 	Entry: D:\Downloads\eclipse-jee-2023-09-R-win32-x86_64\eclipse\plugins\org.eclipse.m2e.maven.runtime_3.9.400.20230826-0755\jars\maven-resolver-transport-wagon-1.9.14.jar
2025-03-10 12:38:27,626 [Worker-13: Launching mavenrun-f8c89bbe-53f8-4321-a9ee-5729e3e33f93] INFO  o.eclipse.m2e.core.internal.Bundles - 	Entry: D:\Downloads\eclipse-jee-2023-09-R-win32-x86_64\eclipse\plugins\org.eclipse.m2e.maven.runtime_3.9.400.20230826-0755\jars\maven-resolver-util-1.9.14.jar
2025-03-10 12:38:27,627 [Worker-13: Launching mavenrun-f8c89bbe-53f8-4321-a9ee-5729e3e33f93] INFO  o.eclipse.m2e.core.internal.Bundles - 	Entry: D:\Downloads\eclipse-jee-2023-09-R-win32-x86_64\eclipse\plugins\org.eclipse.m2e.maven.runtime_3.9.400.20230826-0755\jars\maven-settings-3.9.4.jar
2025-03-10 12:38:27,627 [Worker-13: Launching mavenrun-f8c89bbe-53f8-4321-a9ee-5729e3e33f93] INFO  o.eclipse.m2e.core.internal.Bundles - 	Entry: D:\Downloads\eclipse-jee-2023-09-R-win32-x86_64\eclipse\plugins\org.eclipse.m2e.maven.runtime_3.9.400.20230826-0755\jars\maven-settings-builder-3.9.4.jar
2025-03-10 12:38:27,627 [Worker-13: Launching mavenrun-f8c89bbe-53f8-4321-a9ee-5729e3e33f93] INFO  o.eclipse.m2e.core.internal.Bundles - 	Entry: D:\Downloads\eclipse-jee-2023-09-R-win32-x86_64\eclipse\plugins\org.eclipse.m2e.maven.runtime_3.9.400.20230826-0755\jars\maven-shared-utils-3.3.4.jar
2025-03-10 12:38:27,627 [Worker-13: Launching mavenrun-f8c89bbe-53f8-4321-a9ee-5729e3e33f93] INFO  o.eclipse.m2e.core.internal.Bundles - 	Entry: D:\Downloads\eclipse-jee-2023-09-R-win32-x86_64\eclipse\plugins\org.eclipse.m2e.maven.runtime_3.9.400.20230826-0755\jars\okhttp-3.14.1.jar
2025-03-10 12:38:27,627 [Worker-13: Launching mavenrun-f8c89bbe-53f8-4321-a9ee-5729e3e33f93] INFO  o.eclipse.m2e.core.internal.Bundles - 	Entry: D:\Downloads\eclipse-jee-2023-09-R-win32-x86_64\eclipse\plugins\org.eclipse.m2e.maven.runtime_3.9.400.20230826-0755\jars\okio-1.17.3.jar
2025-03-10 12:38:27,627 [Worker-13: Launching mavenrun-f8c89bbe-53f8-4321-a9ee-5729e3e33f93] INFO  o.eclipse.m2e.core.internal.Bundles - 	Entry: D:\Downloads\eclipse-jee-2023-09-R-win32-x86_64\eclipse\plugins\org.eclipse.m2e.maven.runtime_3.9.400.20230826-0755\jars\org.eclipse.sisu.inject-0.3.5.jar
2025-03-10 12:38:27,627 [Worker-13: Launching mavenrun-f8c89bbe-53f8-4321-a9ee-5729e3e33f93] INFO  o.eclipse.m2e.core.internal.Bundles - 	Entry: D:\Downloads\eclipse-jee-2023-09-R-win32-x86_64\eclipse\plugins\org.eclipse.m2e.maven.runtime_3.9.400.20230826-0755\jars\org.eclipse.sisu.plexus-0.3.5.jar
2025-03-10 12:38:27,627 [Worker-13: Launching mavenrun-f8c89bbe-53f8-4321-a9ee-5729e3e33f93] INFO  o.eclipse.m2e.core.internal.Bundles - 	Entry: D:\Downloads\eclipse-jee-2023-09-R-win32-x86_64\eclipse\plugins\org.eclipse.m2e.maven.runtime_3.9.400.20230826-0755\jars\plexus-build-api-0.0.7.jar
2025-03-10 12:38:27,627 [Worker-13: Launching mavenrun-f8c89bbe-53f8-4321-a9ee-5729e3e33f93] INFO  o.eclipse.m2e.core.internal.Bundles - 	Entry: D:\Downloads\eclipse-jee-2023-09-R-win32-x86_64\eclipse\plugins\org.eclipse.m2e.maven.runtime_3.9.400.20230826-0755\jars\plexus-cipher-2.0.jar
2025-03-10 12:38:27,627 [Worker-13: Launching mavenrun-f8c89bbe-53f8-4321-a9ee-5729e3e33f93] INFO  o.eclipse.m2e.core.internal.Bundles - 	Entry: D:\Downloads\eclipse-jee-2023-09-R-win32-x86_64\eclipse\plugins\org.eclipse.m2e.maven.runtime_3.9.400.20230826-0755\jars\plexus-classworlds-2.7.0.jar
2025-03-10 12:38:27,627 [Worker-13: Launching mavenrun-f8c89bbe-53f8-4321-a9ee-5729e3e33f93] INFO  o.eclipse.m2e.core.internal.Bundles - 	Entry: D:\Downloads\eclipse-jee-2023-09-R-win32-x86_64\eclipse\plugins\org.eclipse.m2e.maven.runtime_3.9.400.20230826-0755\jars\plexus-component-annotations-2.1.0.jar
2025-03-10 12:38:27,627 [Worker-13: Launching mavenrun-f8c89bbe-53f8-4321-a9ee-5729e3e33f93] INFO  o.eclipse.m2e.core.internal.Bundles - 	Entry: D:\Downloads\eclipse-jee-2023-09-R-win32-x86_64\eclipse\plugins\org.eclipse.m2e.maven.runtime_3.9.400.20230826-0755\jars\plexus-interpolation-1.26.jar
2025-03-10 12:38:27,627 [Worker-13: Launching mavenrun-f8c89bbe-53f8-4321-a9ee-5729e3e33f93] INFO  o.eclipse.m2e.core.internal.Bundles - 	Entry: D:\Downloads\eclipse-jee-2023-09-R-win32-x86_64\eclipse\plugins\org.eclipse.m2e.maven.runtime_3.9.400.20230826-0755\jars\plexus-sec-dispatcher-2.0.jar
2025-03-10 12:38:27,627 [Worker-13: Launching mavenrun-f8c89bbe-53f8-4321-a9ee-5729e3e33f93] INFO  o.eclipse.m2e.core.internal.Bundles - 	Entry: D:\Downloads\eclipse-jee-2023-09-R-win32-x86_64\eclipse\plugins\org.eclipse.m2e.maven.runtime_3.9.400.20230826-0755\jars\plexus-utils-3.5.1.jar
2025-03-10 12:38:27,628 [Worker-13: Launching mavenrun-f8c89bbe-53f8-4321-a9ee-5729e3e33f93] INFO  o.eclipse.m2e.core.internal.Bundles - 	Entry: D:\Downloads\eclipse-jee-2023-09-R-win32-x86_64\eclipse\plugins\org.eclipse.m2e.maven.runtime_3.9.400.20230826-0755\jars\wagon-file-3.5.3.jar
2025-03-10 12:38:27,628 [Worker-13: Launching mavenrun-f8c89bbe-53f8-4321-a9ee-5729e3e33f93] INFO  o.eclipse.m2e.core.internal.Bundles - 	Entry: D:\Downloads\eclipse-jee-2023-09-R-win32-x86_64\eclipse\plugins\org.eclipse.m2e.maven.runtime_3.9.400.20230826-0755\jars\wagon-provider-api-3.5.3.jar
2025-03-10 12:38:27,629 [Worker-13: Launching mavenrun-f8c89bbe-53f8-4321-a9ee-5729e3e33f93] INFO  o.eclipse.m2e.core.internal.Bundles - getClasspathEntries(Bundle=com.google.guava_32.1.2.jre [12])
2025-03-10 12:38:27,630 [Worker-13: Launching mavenrun-f8c89bbe-53f8-4321-a9ee-5729e3e33f93] INFO  o.eclipse.m2e.core.internal.Bundles - 	Entry: D:\Downloads\eclipse-jee-2023-09-R-win32-x86_64\eclipse\plugins\com.google.guava_32.1.2.jre.jar
2025-03-10 12:38:27,630 [Worker-13: Launching mavenrun-f8c89bbe-53f8-4321-a9ee-5729e3e33f93] INFO  o.eclipse.m2e.core.internal.Bundles - getClasspathEntries(Bundle=slf4j.api_2.0.7 [985])
2025-03-10 12:38:27,630 [Worker-13: Launching mavenrun-f8c89bbe-53f8-4321-a9ee-5729e3e33f93] INFO  o.eclipse.m2e.core.internal.Bundles - 	Entry: D:\Downloads\eclipse-jee-2023-09-R-win32-x86_64\eclipse\plugins\slf4j.api_2.0.7.jar
2025-03-10 12:38:27,630 [Worker-13: Launching mavenrun-f8c89bbe-53f8-4321-a9ee-5729e3e33f93] INFO  o.eclipse.m2e.core.internal.Bundles - getClasspathEntries(Bundle=javax.inject_1.0.0.v20220405-0441 [38])
2025-03-10 12:38:27,630 [Worker-13: Launching mavenrun-f8c89bbe-53f8-4321-a9ee-5729e3e33f93] INFO  o.eclipse.m2e.core.internal.Bundles - 	Entry: D:\Downloads\eclipse-jee-2023-09-R-win32-x86_64\eclipse\plugins\javax.inject_1.0.0.v20220405-0441.jar
2025-03-10 12:38:27,630 [Worker-13: Launching mavenrun-f8c89bbe-53f8-4321-a9ee-5729e3e33f93] INFO  o.eclipse.m2e.core.internal.Bundles - getClasspathEntries(Bundle=javax.annotation_1.3.5.v20200909-1856 [36])
2025-03-10 12:38:27,630 [Worker-13: Launching mavenrun-f8c89bbe-53f8-4321-a9ee-5729e3e33f93] INFO  o.eclipse.m2e.core.internal.Bundles - 	Entry: D:\Downloads\eclipse-jee-2023-09-R-win32-x86_64\eclipse\plugins\javax.annotation_1.3.5.v20200909-1856.jar
2025-03-10 12:38:27,631 [Worker-13: Launching mavenrun-f8c89bbe-53f8-4321-a9ee-5729e3e33f93] INFO  o.eclipse.m2e.core.internal.Bundles - getClasspathEntries(Bundle=org.apache.commons.cli_1.5.0 [73])
2025-03-10 12:38:27,631 [Worker-13: Launching mavenrun-f8c89bbe-53f8-4321-a9ee-5729e3e33f93] INFO  o.eclipse.m2e.core.internal.Bundles - 	Entry: D:\Downloads\eclipse-jee-2023-09-R-win32-x86_64\eclipse\plugins\org.apache.commons.cli_1.5.0.jar
2025-03-10 12:38:27,631 [Worker-13: Launching mavenrun-f8c89bbe-53f8-4321-a9ee-5729e3e33f93] INFO  o.eclipse.m2e.core.internal.Bundles - getClasspathEntries(Bundle=com.google.guava.failureaccess_1.0.1 [14])
2025-03-10 12:38:27,631 [Worker-13: Launching mavenrun-f8c89bbe-53f8-4321-a9ee-5729e3e33f93] INFO  o.eclipse.m2e.core.internal.Bundles - 	Entry: D:\Downloads\eclipse-jee-2023-09-R-win32-x86_64\eclipse\plugins\com.google.guava.failureaccess_1.0.1.jar
2025-03-10 12:38:27,640 [Worker-13: Launching mavenrun-f8c89bbe-53f8-4321-a9ee-5729e3e33f93] INFO  o.e.m.i.launch.MavenLaunchDelegate - Run build in "C:\Users\praja\AppData\Local\Temp\m2e-archetypeGenerator7456327845368289106":
2025-03-10 12:38:27,642 [Worker-13: Launching mavenrun-f8c89bbe-53f8-4321-a9ee-5729e3e33f93] INFO  o.e.m.i.launch.MavenLaunchDelegate -  mvn  -DarchetypeGroupId=org.apache.maven.archetypes -DarchetypeArtifactId=maven-archetype-webapp -DarchetypeVersion=1.0 -DgroupId=com.book -DartifactId=ecommerce -Dversion=0.0.1-SNAPSHOT -Dpackage=com.book -DoutputDirectory=D:\Downloads\try -Dstyle.color=always -U archetype:generate
2025-03-10 12:38:45,277 [Worker-11: Creating maven-archetype-webapp] INFO  o.e.m.c.i.p.ProjectConfigurationManager - Collecting project info '/pom.xml' D:\Downloads\try\ecommerce\pom.xml
2025-03-10 12:38:47,346 [Worker-11: Creating maven-archetype-webapp] INFO  o.e.m.c.i.l.LifecycleMappingFactory - Using org.maven.ide.eclipse.wtp.WarLifecycleMapping lifecycle mapping for MavenProject: com.book:ecommerce:0.0.1-SNAPSHOT @ D:\Downloads\try\ecommerce\pom.xml.
2025-03-10 12:38:48,221 [Worker-11: Creating maven-archetype-webapp] INFO  o.e.m.j.i.AbstractJavaProjectConfigurator - Adding source folder /ecommerce/src/main/java
2025-03-10 12:38:48,221 [Worker-11: Creating maven-archetype-webapp] INFO  o.e.m.j.i.AbstractJavaProjectConfigurator - Adding resource folder /ecommerce/src/main/resources
2025-03-10 12:38:48,222 [Worker-11: Creating maven-archetype-webapp] INFO  o.e.m.j.i.AbstractJavaProjectConfigurator - Adding source folder /ecommerce/src/test/java
2025-03-10 12:38:48,223 [Worker-11: Creating maven-archetype-webapp] INFO  o.e.m.j.i.AbstractJavaProjectConfigurator - Adding resource folder /ecommerce/src/test/resources
2025-03-10 12:38:49,944 [Worker-11: Creating maven-archetype-webapp] ERROR o.e.m.w.jsf.internal.utils.JSFUtils - An error occurred trying to find javax.faces.webapp.FacesServlet :
java.net.UnknownHostException: java.sun.com
	at java.base/sun.nio.ch.NioSocketImpl.connect(NioSocketImpl.java:572)
	at java.base/java.net.Socket.connect(Socket.java:633)
	at java.base/java.net.Socket.connect(Socket.java:583)
	at java.base/sun.net.NetworkClient.doConnect(NetworkClient.java:183)
	at java.base/sun.net.www.http.HttpClient.openServer(HttpClient.java:533)
	at java.base/sun.net.www.http.HttpClient.openServer(HttpClient.java:638)
	at java.base/sun.net.www.http.HttpClient.<init>(HttpClient.java:281)
	at java.base/sun.net.www.http.HttpClient.New(HttpClient.java:386)
	at java.base/sun.net.www.http.HttpClient.New(HttpClient.java:408)
	at java.base/sun.net.www.protocol.http.HttpURLConnection.getNewHttpClient(HttpURLConnection.java:1309)
	at java.base/sun.net.www.protocol.http.HttpURLConnection.plainConnect0(HttpURLConnection.java:1242)
	at java.base/sun.net.www.protocol.http.HttpURLConnection.plainConnect(HttpURLConnection.java:1128)
	at java.base/sun.net.www.protocol.http.HttpURLConnection.connect(HttpURLConnection.java:1057)
	at java.base/sun.net.www.protocol.http.HttpURLConnection.getInputStream0(HttpURLConnection.java:1665)
	at java.base/sun.net.www.protocol.http.HttpURLConnection.getInputStream(HttpURLConnection.java:1589)
	at java.xml/com.sun.org.apache.xerces.internal.impl.XMLEntityManager.setupCurrentEntity(XMLEntityManager.java:677)
	at java.xml/com.sun.org.apache.xerces.internal.impl.XMLEntityManager.startEntity(XMLEntityManager.java:1397)
	at java.xml/com.sun.org.apache.xerces.internal.impl.XMLEntityManager.startDTDEntity(XMLEntityManager.java:1363)
	at java.xml/com.sun.org.apache.xerces.internal.impl.XMLDTDScannerImpl.setInputSource(XMLDTDScannerImpl.java:257)
	at java.xml/com.sun.org.apache.xerces.internal.impl.XMLDocumentScannerImpl$DTDDriver.dispatch(XMLDocumentScannerImpl.java:1152)
	at java.xml/com.sun.org.apache.xerces.internal.impl.XMLDocumentScannerImpl$DTDDriver.next(XMLDocumentScannerImpl.java:1040)
	at java.xml/com.sun.org.apache.xerces.internal.impl.XMLDocumentScannerImpl$PrologDriver.next(XMLDocumentScannerImpl.java:943)
	at java.xml/com.sun.org.apache.xerces.internal.impl.XMLDocumentScannerImpl.next(XMLDocumentScannerImpl.java:605)
	at java.xml/com.sun.org.apache.xerces.internal.impl.XMLDocumentFragmentScannerImpl.scanDocument(XMLDocumentFragmentScannerImpl.java:542)
	at java.xml/com.sun.org.apache.xerces.internal.parsers.XML11Configuration.parse(XML11Configuration.java:889)
	at java.xml/com.sun.org.apache.xerces.internal.parsers.XML11Configuration.parse(XML11Configuration.java:825)
	at java.xml/com.sun.org.apache.xerces.internal.parsers.XMLParser.parse(XMLParser.java:141)
	at java.xml/com.sun.org.apache.xerces.internal.parsers.DOMParser.parse(DOMParser.java:247)
	at java.xml/com.sun.org.apache.xerces.internal.jaxp.DocumentBuilderImpl.parse(DocumentBuilderImpl.java:342)
	at java.xml/javax.xml.parsers.DocumentBuilder.parse(DocumentBuilder.java:122)
	at org.eclipse.m2e.wtp.jsf.internal.utils.JSFUtils.hasFacesServlet(JSFUtils.java:141)
	at org.eclipse.m2e.wtp.jsf.internal.utils.JSFUtils.hasFacesServlet(JSFUtils.java:117)
	at org.eclipse.m2e.wtp.jsf.internal.configurators.WebXmlJSFFacetDetector.hasFacesServletInWebXml(WebXmlJSFFacetDetector.java:82)
	at org.eclipse.m2e.wtp.jsf.internal.configurators.WebXmlJSFFacetDetector.findFacetVersion(WebXmlJSFFacetDetector.java:57)
	at org.eclipse.m2e.wtp.facets.FacetDetectorManager.findFacetVersion(FacetDetectorManager.java:93)
	at org.eclipse.m2e.wtp.facets.FacetDetectorManager.findFacetVersion(FacetDetectorManager.java:63)
	at org.eclipse.m2e.wtp.jsf.internal.configurators.JSFProjectConfigurator.configureInternal(JSFProjectConfigurator.java:95)
	at org.eclipse.m2e.wtp.jsf.internal.configurators.JSFProjectConfigurator.configure(JSFProjectConfigurator.java:70)
	at org.eclipse.m2e.core.project.configurator.AbstractLifecycleMapping.configure(AbstractLifecycleMapping.java:123)
	at org.eclipse.m2e.core.internal.project.ProjectConfigurationManager.lambda$6(ProjectConfigurationManager.java:504)
	at org.eclipse.m2e.core.internal.embedder.MavenExecutionContext.executeBare(MavenExecutionContext.java:394)
	at org.eclipse.m2e.core.internal.embedder.MavenExecutionContext.execute(MavenExecutionContext.java:275)
	at org.eclipse.m2e.core.internal.project.ProjectConfigurationManager.updateProjectConfiguration(ProjectConfigurationManager.java:498)
	at org.eclipse.m2e.core.internal.project.ProjectConfigurationManager.configureNewMavenProjects(ProjectConfigurationManager.java:279)
	at org.eclipse.m2e.core.internal.project.ProjectConfigurationManager.lambda$1(ProjectConfigurationManager.java:166)
	at org.eclipse.m2e.core.internal.embedder.MavenExecutionContext.executeBare(MavenExecutionContext.java:394)
	at org.eclipse.m2e.core.internal.embedder.MavenExecutionContext.execute(MavenExecutionContext.java:275)
	at org.eclipse.m2e.core.internal.embedder.MavenExecutionContext.execute(MavenExecutionContext.java:214)
	at org.eclipse.m2e.core.internal.project.ProjectConfigurationManager.importProjects(ProjectConfigurationManager.java:139)
	at org.eclipse.m2e.core.ui.internal.wizards.MavenProjectWizard$3.doCreateMavenProjects(MavenProjectWizard.java:251)
	at org.eclipse.m2e.core.ui.internal.wizards.AbstractCreateMavenProjectJob$1.doCreateMavenProjects(AbstractCreateMavenProjectJob.java:51)
	at org.eclipse.m2e.core.ui.internal.wizards.AbstractCreateMavenProjectsOperation.run(AbstractCreateMavenProjectsOperation.java:56)
	at org.eclipse.m2e.core.ui.internal.wizards.AbstractCreateMavenProjectJob.runInWorkspace(AbstractCreateMavenProjectJob.java:55)
	at org.eclipse.core.internal.resources.InternalWorkspaceJob.run(InternalWorkspaceJob.java:43)
	at org.eclipse.core.internal.jobs.Worker.run(Worker.java:63)
2025-03-10 12:38:50,023 [Worker-11: Creating maven-archetype-webapp] INFO  o.e.m.c.i.p.ProjectConfigurationManager - Imported and configured 1 project(s) in 4 sec
2025-03-10 12:38:51,364 [Worker-13: Building] WARN  o.a.m.s.f.DefaultMavenResourcesFiltering - Using platform encoding (Cp1252 actually) to copy filtered resources, i.e. build is platform dependent!
2025-03-10 12:38:51,370 [Worker-13: Building] INFO  o.a.m.s.f.DefaultMavenResourcesFiltering - Copying 0 resource from src\main\resources to target\classes
2025-03-10 12:38:51,386 [Worker-13: Building] WARN  o.a.m.s.f.DefaultMavenResourcesFiltering - Using platform encoding (Cp1252 actually) to copy filtered resources, i.e. build is platform dependent!
2025-03-10 12:38:51,387 [Worker-13: Building] INFO  o.a.m.s.f.DefaultMavenResourcesFiltering - skip non existing resourceDirectory D:\Downloads\try\ecommerce\src\test\resources
2025-03-10 12:41:15,431 [Worker-15: Building] WARN  o.a.m.s.f.DefaultMavenResourcesFiltering - Using platform encoding (Cp1252 actually) to copy filtered resources, i.e. build is platform dependent!
2025-03-10 12:41:15,434 [Worker-15: Building] INFO  o.a.m.s.f.DefaultMavenResourcesFiltering - Copying 0 resource from src\main\resources to target\classes
2025-03-10 12:41:15,439 [Worker-15: Building] WARN  o.a.m.s.f.DefaultMavenResourcesFiltering - Using platform encoding (Cp1252 actually) to copy filtered resources, i.e. build is platform dependent!
2025-03-10 12:41:15,440 [Worker-15: Building] INFO  o.a.m.s.f.DefaultMavenResourcesFiltering - skip non existing resourceDirectory D:\Downloads\try\ecommerce\src\test\resources
2025-03-10 12:41:25,251 [Worker-11: Building] WARN  o.a.m.s.f.DefaultMavenResourcesFiltering - Using platform encoding (Cp1252 actually) to copy filtered resources, i.e. build is platform dependent!
2025-03-10 12:41:25,252 [Worker-11: Building] INFO  o.a.m.s.f.DefaultMavenResourcesFiltering - Copying 0 resource from src\main\resources to target\classes
2025-03-10 12:41:25,255 [Worker-11: Building] WARN  o.a.m.s.f.DefaultMavenResourcesFiltering - Using platform encoding (Cp1252 actually) to copy filtered resources, i.e. build is platform dependent!
2025-03-10 12:41:25,255 [Worker-11: Building] INFO  o.a.m.s.f.DefaultMavenResourcesFiltering - skip non existing resourceDirectory D:\Downloads\try\ecommerce\src\test\resources
2025-03-10 12:41:40,322 [Worker-19: Building] WARN  o.a.m.s.f.DefaultMavenResourcesFiltering - Using platform encoding (Cp1252 actually) to copy filtered resources, i.e. build is platform dependent!
2025-03-10 12:41:40,323 [Worker-19: Building] INFO  o.a.m.s.f.DefaultMavenResourcesFiltering - Copying 0 resource from src\main\resources to target\classes
2025-03-10 12:41:40,331 [Worker-19: Building] WARN  o.a.m.s.f.DefaultMavenResourcesFiltering - Using platform encoding (Cp1252 actually) to copy filtered resources, i.e. build is platform dependent!
2025-03-10 12:41:40,332 [Worker-19: Building] INFO  o.a.m.s.f.DefaultMavenResourcesFiltering - skip non existing resourceDirectory D:\Downloads\try\ecommerce\src\test\resources
2025-03-10 12:41:52,285 [Worker-20: Building] WARN  o.a.m.s.f.DefaultMavenResourcesFiltering - Using platform encoding (Cp1252 actually) to copy filtered resources, i.e. build is platform dependent!
2025-03-10 12:41:52,287 [Worker-20: Building] INFO  o.a.m.s.f.DefaultMavenResourcesFiltering - Copying 0 resource from src\main\resources to target\classes
2025-03-10 12:41:52,293 [Worker-20: Building] WARN  o.a.m.s.f.DefaultMavenResourcesFiltering - Using platform encoding (Cp1252 actually) to copy filtered resources, i.e. build is platform dependent!
2025-03-10 12:41:52,295 [Worker-20: Building] INFO  o.a.m.s.f.DefaultMavenResourcesFiltering - skip non existing resourceDirectory D:\Downloads\try\ecommerce\src\test\resources
2025-03-10 12:42:29,511 [Worker-19: Building] WARN  o.a.m.s.f.DefaultMavenResourcesFiltering - Using platform encoding (Cp1252 actually) to copy filtered resources, i.e. build is platform dependent!
2025-03-10 12:42:29,513 [Worker-19: Building] INFO  o.a.m.s.f.DefaultMavenResourcesFiltering - Copying 0 resource from src\main\resources to target\classes
2025-03-10 12:42:29,517 [Worker-19: Building] WARN  o.a.m.s.f.DefaultMavenResourcesFiltering - Using platform encoding (Cp1252 actually) to copy filtered resources, i.e. build is platform dependent!
2025-03-10 12:42:29,518 [Worker-19: Building] INFO  o.a.m.s.f.DefaultMavenResourcesFiltering - skip non existing resourceDirectory D:\Downloads\try\ecommerce\src\test\resources
2025-03-10 12:42:38,155 [Worker-20: Building] WARN  o.a.m.s.f.DefaultMavenResourcesFiltering - Using platform encoding (Cp1252 actually) to copy filtered resources, i.e. build is platform dependent!
2025-03-10 12:42:38,157 [Worker-20: Building] INFO  o.a.m.s.f.DefaultMavenResourcesFiltering - Copying 0 resource from src\main\resources to target\classes
2025-03-10 12:42:38,164 [Worker-20: Building] WARN  o.a.m.s.f.DefaultMavenResourcesFiltering - Using platform encoding (Cp1252 actually) to copy filtered resources, i.e. build is platform dependent!
2025-03-10 12:42:38,166 [Worker-20: Building] INFO  o.a.m.s.f.DefaultMavenResourcesFiltering - skip non existing resourceDirectory D:\Downloads\try\ecommerce\src\test\resources
2025-03-10 12:42:48,976 [Worker-11: Building] WARN  o.a.m.s.f.DefaultMavenResourcesFiltering - Using platform encoding (Cp1252 actually) to copy filtered resources, i.e. build is platform dependent!
2025-03-10 12:42:48,978 [Worker-11: Building] INFO  o.a.m.s.f.DefaultMavenResourcesFiltering - Copying 0 resource from src\main\resources to target\classes
2025-03-10 12:42:48,987 [Worker-11: Building] WARN  o.a.m.s.f.DefaultMavenResourcesFiltering - Using platform encoding (Cp1252 actually) to copy filtered resources, i.e. build is platform dependent!
2025-03-10 12:42:48,987 [Worker-11: Building] INFO  o.a.m.s.f.DefaultMavenResourcesFiltering - skip non existing resourceDirectory D:\Downloads\try\ecommerce\src\test\resources
2025-03-10 12:43:19,538 [Worker-20: Building] WARN  o.a.m.s.f.DefaultMavenResourcesFiltering - Using platform encoding (Cp1252 actually) to copy filtered resources, i.e. build is platform dependent!
2025-03-10 12:43:19,540 [Worker-20: Building] INFO  o.a.m.s.f.DefaultMavenResourcesFiltering - Copying 0 resource from src\main\resources to target\classes
2025-03-10 12:43:19,545 [Worker-20: Building] WARN  o.a.m.s.f.DefaultMavenResourcesFiltering - Using platform encoding (Cp1252 actually) to copy filtered resources, i.e. build is platform dependent!
2025-03-10 12:43:19,546 [Worker-20: Building] INFO  o.a.m.s.f.DefaultMavenResourcesFiltering - skip non existing resourceDirectory D:\Downloads\try\ecommerce\src\test\resources
2025-03-10 12:45:14,591 [Worker-8: Building] WARN  o.a.m.s.f.DefaultMavenResourcesFiltering - Using platform encoding (Cp1252 actually) to copy filtered resources, i.e. build is platform dependent!
2025-03-10 12:45:14,594 [Worker-8: Building] INFO  o.a.m.s.f.DefaultMavenResourcesFiltering - Copying 0 resource from src\main\resources to target\classes
2025-03-10 12:45:14,598 [Worker-8: Building] WARN  o.a.m.s.f.DefaultMavenResourcesFiltering - Using platform encoding (Cp1252 actually) to copy filtered resources, i.e. build is platform dependent!
2025-03-10 12:45:14,599 [Worker-8: Building] INFO  o.a.m.s.f.DefaultMavenResourcesFiltering - skip non existing resourceDirectory D:\Downloads\try\ecommerce\src\test\resources
2025-03-10 12:47:16,342 [Worker-19: Building] WARN  o.a.m.s.f.DefaultMavenResourcesFiltering - Using platform encoding (Cp1252 actually) to copy filtered resources, i.e. build is platform dependent!
2025-03-10 12:47:16,344 [Worker-19: Building] INFO  o.a.m.s.f.DefaultMavenResourcesFiltering - Copying 1 resource from src\main\resources to target\classes
2025-03-10 12:47:16,353 [Worker-19: Building] WARN  o.a.m.s.f.DefaultMavenResourcesFiltering - Using platform encoding (Cp1252 actually) to copy filtered resources, i.e. build is platform dependent!
2025-03-10 12:47:16,354 [Worker-19: Building] INFO  o.a.m.s.f.DefaultMavenResourcesFiltering - skip non existing resourceDirectory D:\Downloads\try\ecommerce\src\test\resources
2025-03-10 12:52:54,376 [Worker-22: Building] WARN  o.a.m.s.f.DefaultMavenResourcesFiltering - Using platform encoding (Cp1252 actually) to copy filtered resources, i.e. build is platform dependent!
2025-03-10 12:52:54,379 [Worker-22: Building] INFO  o.a.m.s.f.DefaultMavenResourcesFiltering - Copying 1 resource from src\main\resources to target\classes
2025-03-10 12:52:54,389 [Worker-22: Building] WARN  o.a.m.s.f.DefaultMavenResourcesFiltering - Using platform encoding (Cp1252 actually) to copy filtered resources, i.e. build is platform dependent!
2025-03-10 12:52:54,390 [Worker-22: Building] INFO  o.a.m.s.f.DefaultMavenResourcesFiltering - skip non existing resourceDirectory D:\Downloads\try\ecommerce\src\test\resources
2025-03-10 12:58:24,620 [Worker-30: Building] WARN  o.a.m.s.f.DefaultMavenResourcesFiltering - Using platform encoding (Cp1252 actually) to copy filtered resources, i.e. build is platform dependent!
2025-03-10 12:58:24,624 [Worker-30: Building] INFO  o.a.m.s.f.DefaultMavenResourcesFiltering - Copying 0 resource from src\main\resources to target\classes
2025-03-10 12:58:24,629 [Worker-30: Building] WARN  o.a.m.s.f.DefaultMavenResourcesFiltering - Using platform encoding (Cp1252 actually) to copy filtered resources, i.e. build is platform dependent!
2025-03-10 12:58:24,630 [Worker-30: Building] INFO  o.a.m.s.f.DefaultMavenResourcesFiltering - skip non existing resourceDirectory D:\Downloads\try\ecommerce\src\test\resources
2025-03-10 12:58:38,055 [Worker-29: Building] WARN  o.a.m.s.f.DefaultMavenResourcesFiltering - Using platform encoding (Cp1252 actually) to copy filtered resources, i.e. build is platform dependent!
2025-03-10 12:58:38,057 [Worker-29: Building] INFO  o.a.m.s.f.DefaultMavenResourcesFiltering - Copying 0 resource from src\main\resources to target\classes
2025-03-10 12:58:38,061 [Worker-29: Building] WARN  o.a.m.s.f.DefaultMavenResourcesFiltering - Using platform encoding (Cp1252 actually) to copy filtered resources, i.e. build is platform dependent!
2025-03-10 12:58:38,062 [Worker-29: Building] INFO  o.a.m.s.f.DefaultMavenResourcesFiltering - skip non existing resourceDirectory D:\Downloads\try\ecommerce\src\test\resources
2025-03-10 12:58:46,314 [Worker-30: Building] WARN  o.a.m.s.f.DefaultMavenResourcesFiltering - Using platform encoding (Cp1252 actually) to copy filtered resources, i.e. build is platform dependent!
2025-03-10 12:58:46,316 [Worker-30: Building] INFO  o.a.m.s.f.DefaultMavenResourcesFiltering - Copying 0 resource from src\main\resources to target\classes
2025-03-10 12:58:46,321 [Worker-30: Building] WARN  o.a.m.s.f.DefaultMavenResourcesFiltering - Using platform encoding (Cp1252 actually) to copy filtered resources, i.e. build is platform dependent!
2025-03-10 12:58:46,325 [Worker-30: Building] INFO  o.a.m.s.f.DefaultMavenResourcesFiltering - skip non existing resourceDirectory D:\Downloads\try\ecommerce\src\test\resources
2025-03-10 13:01:29,118 [Worker-34: Building] WARN  o.a.m.s.f.DefaultMavenResourcesFiltering - Using platform encoding (Cp1252 actually) to copy filtered resources, i.e. build is platform dependent!
2025-03-10 13:01:29,120 [Worker-34: Building] INFO  o.a.m.s.f.DefaultMavenResourcesFiltering - Copying 0 resource from src\main\resources to target\classes
2025-03-10 13:01:29,127 [Worker-34: Building] WARN  o.a.m.s.f.DefaultMavenResourcesFiltering - Using platform encoding (Cp1252 actually) to copy filtered resources, i.e. build is platform dependent!
2025-03-10 13:01:29,128 [Worker-34: Building] INFO  o.a.m.s.f.DefaultMavenResourcesFiltering - skip non existing resourceDirectory D:\Downloads\try\ecommerce\src\test\resources
2025-03-10 13:02:08,454 [Worker-37: Building] WARN  o.a.m.s.f.DefaultMavenResourcesFiltering - Using platform encoding (Cp1252 actually) to copy filtered resources, i.e. build is platform dependent!
2025-03-10 13:02:08,457 [Worker-37: Building] INFO  o.a.m.s.f.DefaultMavenResourcesFiltering - Copying 0 resource from src\main\resources to target\classes
2025-03-10 13:02:08,464 [Worker-37: Building] WARN  o.a.m.s.f.DefaultMavenResourcesFiltering - Using platform encoding (Cp1252 actually) to copy filtered resources, i.e. build is platform dependent!
2025-03-10 13:02:08,466 [Worker-37: Building] INFO  o.a.m.s.f.DefaultMavenResourcesFiltering - skip non existing resourceDirectory D:\Downloads\try\ecommerce\src\test\resources
2025-03-10 13:03:10,684 [Worker-36: Building] WARN  o.a.m.s.f.DefaultMavenResourcesFiltering - Using platform encoding (Cp1252 actually) to copy filtered resources, i.e. build is platform dependent!
2025-03-10 13:03:10,686 [Worker-36: Building] INFO  o.a.m.s.f.DefaultMavenResourcesFiltering - Copying 0 resource from src\main\resources to target\classes
2025-03-10 13:03:10,690 [Worker-36: Building] WARN  o.a.m.s.f.DefaultMavenResourcesFiltering - Using platform encoding (Cp1252 actually) to copy filtered resources, i.e. build is platform dependent!
2025-03-10 13:03:10,692 [Worker-36: Building] INFO  o.a.m.s.f.DefaultMavenResourcesFiltering - skip non existing resourceDirectory D:\Downloads\try\ecommerce\src\test\resources
2025-03-10 13:03:30,170 [Worker-32: Building] WARN  o.a.m.s.f.DefaultMavenResourcesFiltering - Using platform encoding (Cp1252 actually) to copy filtered resources, i.e. build is platform dependent!
2025-03-10 13:03:30,171 [Worker-32: Building] INFO  o.a.m.s.f.DefaultMavenResourcesFiltering - Copying 0 resource from src\main\resources to target\classes
2025-03-10 13:03:30,174 [Worker-32: Building] WARN  o.a.m.s.f.DefaultMavenResourcesFiltering - Using platform encoding (Cp1252 actually) to copy filtered resources, i.e. build is platform dependent!
2025-03-10 13:03:30,175 [Worker-32: Building] INFO  o.a.m.s.f.DefaultMavenResourcesFiltering - skip non existing resourceDirectory D:\Downloads\try\ecommerce\src\test\resources
2025-03-10 13:04:34,600 [Worker-32: Building] WARN  o.a.m.s.f.DefaultMavenResourcesFiltering - Using platform encoding (Cp1252 actually) to copy filtered resources, i.e. build is platform dependent!
2025-03-10 13:04:34,605 [Worker-32: Building] INFO  o.a.m.s.f.DefaultMavenResourcesFiltering - Copying 0 resource from src\main\resources to target\classes
2025-03-10 13:04:34,611 [Worker-32: Building] WARN  o.a.m.s.f.DefaultMavenResourcesFiltering - Using platform encoding (Cp1252 actually) to copy filtered resources, i.e. build is platform dependent!
2025-03-10 13:04:34,612 [Worker-32: Building] INFO  o.a.m.s.f.DefaultMavenResourcesFiltering - skip non existing resourceDirectory D:\Downloads\try\ecommerce\src\test\resources
2025-03-10 13:06:00,958 [Worker-38: Building] WARN  o.a.m.s.f.DefaultMavenResourcesFiltering - Using platform encoding (Cp1252 actually) to copy filtered resources, i.e. build is platform dependent!
2025-03-10 13:06:00,961 [Worker-38: Building] INFO  o.a.m.s.f.DefaultMavenResourcesFiltering - Copying 0 resource from src\main\resources to target\classes
2025-03-10 13:06:00,965 [Worker-38: Building] WARN  o.a.m.s.f.DefaultMavenResourcesFiltering - Using platform encoding (Cp1252 actually) to copy filtered resources, i.e. build is platform dependent!
2025-03-10 13:06:00,966 [Worker-38: Building] INFO  o.a.m.s.f.DefaultMavenResourcesFiltering - skip non existing resourceDirectory D:\Downloads\try\ecommerce\src\test\resources
2025-03-10 13:06:10,512 [Worker-39: Building] WARN  o.a.m.s.f.DefaultMavenResourcesFiltering - Using platform encoding (Cp1252 actually) to copy filtered resources, i.e. build is platform dependent!
2025-03-10 13:06:10,514 [Worker-39: Building] INFO  o.a.m.s.f.DefaultMavenResourcesFiltering - Copying 0 resource from src\main\resources to target\classes
2025-03-10 13:06:10,517 [Worker-39: Building] WARN  o.a.m.s.f.DefaultMavenResourcesFiltering - Using platform encoding (Cp1252 actually) to copy filtered resources, i.e. build is platform dependent!
2025-03-10 13:06:10,518 [Worker-39: Building] INFO  o.a.m.s.f.DefaultMavenResourcesFiltering - skip non existing resourceDirectory D:\Downloads\try\ecommerce\src\test\resources
2025-03-10 13:08:24,890 [Worker-41: Building] WARN  o.a.m.s.f.DefaultMavenResourcesFiltering - Using platform encoding (Cp1252 actually) to copy filtered resources, i.e. build is platform dependent!
2025-03-10 13:08:24,893 [Worker-41: Building] INFO  o.a.m.s.f.DefaultMavenResourcesFiltering - Copying 0 resource from src\main\resources to target\classes
2025-03-10 13:08:24,901 [Worker-41: Building] WARN  o.a.m.s.f.DefaultMavenResourcesFiltering - Using platform encoding (Cp1252 actually) to copy filtered resources, i.e. build is platform dependent!
2025-03-10 13:08:24,902 [Worker-41: Building] INFO  o.a.m.s.f.DefaultMavenResourcesFiltering - skip non existing resourceDirectory D:\Downloads\try\ecommerce\src\test\resources
2025-03-10 13:11:45,310 [Worker-43: Building] INFO  o.e.m.c.i.l.LifecycleMappingFactory - Using org.maven.ide.eclipse.wtp.WarLifecycleMapping lifecycle mapping for MavenProject: com.book:ecommerce:0.0.1-SNAPSHOT @ D:\Downloads\try\ecommerce\pom.xml.
2025-03-10 13:11:46,009 [Worker-43: Building] INFO  o.e.m.c.i.e.AbstractTransferListenerAdapter - Downloading https://repo.maven.apache.org/maven2/mysql/mysql-connector-java/8.0.23/mysql-connector-java-8.0.23.pom
2025-03-10 13:11:46,167 [Worker-43: Building] INFO  o.e.m.c.i.e.AbstractTransferListenerAdapter - Downloaded https://repo.maven.apache.org/maven2/mysql/mysql-connector-java/8.0.23/mysql-connector-java-8.0.23.pom
2025-03-10 13:11:46,268 [Worker-43: Building] INFO  o.e.m.c.i.e.AbstractTransferListenerAdapter - Downloading https://repo.maven.apache.org/maven2/com/google/protobuf/protobuf-java/3.11.4/protobuf-java-3.11.4.pom
2025-03-10 13:11:46,420 [Worker-43: Building] INFO  o.e.m.c.i.e.AbstractTransferListenerAdapter - Downloaded https://repo.maven.apache.org/maven2/com/google/protobuf/protobuf-java/3.11.4/protobuf-java-3.11.4.pom
2025-03-10 13:11:46,598 [Worker-43: Building] INFO  o.e.m.c.i.e.AbstractTransferListenerAdapter - Downloading https://repo.maven.apache.org/maven2/com/google/protobuf/protobuf-parent/3.11.4/protobuf-parent-3.11.4.pom
2025-03-10 13:11:46,726 [Worker-43: Building] INFO  o.e.m.c.i.e.AbstractTransferListenerAdapter - Downloaded https://repo.maven.apache.org/maven2/com/google/protobuf/protobuf-parent/3.11.4/protobuf-parent-3.11.4.pom
2025-03-10 13:11:46,872 [Worker-43: Building] INFO  o.e.m.c.i.e.AbstractTransferListenerAdapter - Downloading https://repo.maven.apache.org/maven2/com/google/protobuf/protobuf-bom/3.11.4/protobuf-bom-3.11.4.pom
2025-03-10 13:11:47,132 [Worker-43: Building] INFO  o.e.m.c.i.e.AbstractTransferListenerAdapter - Downloaded https://repo.maven.apache.org/maven2/com/google/protobuf/protobuf-bom/3.11.4/protobuf-bom-3.11.4.pom
2025-03-10 13:11:47,506 [AetherRepositoryConnector-repo.maven.apache.org-0-0] INFO  o.e.m.c.i.e.AbstractTransferListenerAdapter - Downloading https://repo.maven.apache.org/maven2/mysql/mysql-connector-java/8.0.23/mysql-connector-java-8.0.23.jar
2025-03-10 13:11:47,743 [AetherRepositoryConnector-repo.maven.apache.org-0-1] INFO  o.e.m.c.i.e.AbstractTransferListenerAdapter - Downloading https://repo.maven.apache.org/maven2/com/google/protobuf/protobuf-java/3.11.4/protobuf-java-3.11.4.jar
2025-03-10 13:11:55,006 [AetherRepositoryConnector-repo.maven.apache.org-0-1] INFO  o.e.m.c.i.e.AbstractTransferListenerAdapter - Downloaded https://repo.maven.apache.org/maven2/com/google/protobuf/protobuf-java/3.11.4/protobuf-java-3.11.4.jar
2025-03-10 13:11:55,656 [AetherRepositoryConnector-repo.maven.apache.org-0-0] INFO  o.e.m.c.i.e.AbstractTransferListenerAdapter - Downloaded https://repo.maven.apache.org/maven2/mysql/mysql-connector-java/8.0.23/mysql-connector-java-8.0.23.jar
2025-03-10 13:11:56,223 [Worker-43: Building] WARN  o.a.m.s.f.DefaultMavenResourcesFiltering - Using platform encoding (Cp1252 actually) to copy filtered resources, i.e. build is platform dependent!
2025-03-10 13:11:56,225 [Worker-43: Building] INFO  o.a.m.s.f.DefaultMavenResourcesFiltering - Copying 0 resource from src\main\resources to target\classes
2025-03-10 13:11:56,228 [Worker-43: Building] WARN  o.a.m.s.f.DefaultMavenResourcesFiltering - Using platform encoding (Cp1252 actually) to copy filtered resources, i.e. build is platform dependent!
2025-03-10 13:11:56,229 [Worker-43: Building] INFO  o.a.m.s.f.DefaultMavenResourcesFiltering - skip non existing resourceDirectory D:\Downloads\try\ecommerce\src\test\resources
2025-03-10 13:11:56,229 [Worker-43: Building] INFO  o.e.m.w.i.f.ResourceFilteringBuildParticipant - Changed resources require a complete clean of filtered resources of ecommerce
2025-03-10 13:11:56,230 [Worker-43: Building] INFO  o.e.m.w.i.f.ResourceFilteringBuildParticipant - Executing resource filtering for ecommerce
2025-03-10 13:11:57,431 [Worker-38: Download sources and javadoc] INFO  o.e.m.c.i.e.AbstractTransferListenerAdapter - Downloading https://repo.maven.apache.org/maven2/mysql/mysql-connector-java/8.0.23/mysql-connector-java-8.0.23-sources.jar
2025-03-10 13:11:59,623 [Worker-38: Download sources and javadoc] INFO  o.e.m.c.i.e.AbstractTransferListenerAdapter - Downloaded https://repo.maven.apache.org/maven2/mysql/mysql-connector-java/8.0.23/mysql-connector-java-8.0.23-sources.jar
2025-03-10 13:11:59,627 [Worker-38: Download sources and javadoc] INFO  o.e.m.j.internal.DownloadSourcesJob - Downloaded sources for mysql:mysql-connector-java:8.0.23
2025-03-10 13:11:59,926 [Worker-38: Download sources and javadoc] INFO  o.e.m.c.i.e.AbstractTransferListenerAdapter - Downloading https://repo.maven.apache.org/maven2/com/google/protobuf/protobuf-java/3.11.4/protobuf-java-3.11.4-sources.jar
2025-03-10 13:12:01,605 [Worker-38: Download sources and javadoc] INFO  o.e.m.c.i.e.AbstractTransferListenerAdapter - Downloaded https://repo.maven.apache.org/maven2/com/google/protobuf/protobuf-java/3.11.4/protobuf-java-3.11.4-sources.jar
2025-03-10 13:12:01,613 [Worker-38: Download sources and javadoc] INFO  o.e.m.j.internal.DownloadSourcesJob - Downloaded sources for com.google.protobuf:protobuf-java:3.11.4
2025-03-10 13:17:09,508 [Worker-48: Building] WARN  o.a.m.s.f.DefaultMavenResourcesFiltering - Using platform encoding (Cp1252 actually) to copy filtered resources, i.e. build is platform dependent!
2025-03-10 13:17:09,510 [Worker-48: Building] INFO  o.a.m.s.f.DefaultMavenResourcesFiltering - Copying 1 resource from src\main\resources to target\classes
2025-03-10 13:17:09,520 [Worker-48: Building] WARN  o.a.m.s.f.DefaultMavenResourcesFiltering - Using platform encoding (Cp1252 actually) to copy filtered resources, i.e. build is platform dependent!
2025-03-10 13:17:09,521 [Worker-48: Building] INFO  o.a.m.s.f.DefaultMavenResourcesFiltering - skip non existing resourceDirectory D:\Downloads\try\ecommerce\src\test\resources
2025-03-10 13:18:00,696 [Worker-36: Building] WARN  o.a.m.s.f.DefaultMavenResourcesFiltering - Using platform encoding (Cp1252 actually) to copy filtered resources, i.e. build is platform dependent!
2025-03-10 13:18:00,698 [Worker-36: Building] INFO  o.a.m.s.f.DefaultMavenResourcesFiltering - Copying 0 resource from src\main\resources to target\classes
2025-03-10 13:18:00,701 [Worker-36: Building] WARN  o.a.m.s.f.DefaultMavenResourcesFiltering - Using platform encoding (Cp1252 actually) to copy filtered resources, i.e. build is platform dependent!
2025-03-10 13:18:00,702 [Worker-36: Building] INFO  o.a.m.s.f.DefaultMavenResourcesFiltering - skip non existing resourceDirectory D:\Downloads\try\ecommerce\src\test\resources
2025-03-10 13:19:47,570 [Worker-47: Building] WARN  o.a.m.s.f.DefaultMavenResourcesFiltering - Using platform encoding (Cp1252 actually) to copy filtered resources, i.e. build is platform dependent!
2025-03-10 13:19:47,572 [Worker-47: Building] INFO  o.a.m.s.f.DefaultMavenResourcesFiltering - Copying 1 resource from src\main\resources to target\classes
2025-03-10 13:19:47,583 [Worker-47: Building] WARN  o.a.m.s.f.DefaultMavenResourcesFiltering - Using platform encoding (Cp1252 actually) to copy filtered resources, i.e. build is platform dependent!
2025-03-10 13:19:47,584 [Worker-47: Building] INFO  o.a.m.s.f.DefaultMavenResourcesFiltering - skip non existing resourceDirectory D:\Downloads\try\ecommerce\src\test\resources
2025-03-10 13:22:32,432 [Worker-50: Building] WARN  o.a.m.s.f.DefaultMavenResourcesFiltering - Using platform encoding (Cp1252 actually) to copy filtered resources, i.e. build is platform dependent!
2025-03-10 13:22:32,434 [Worker-50: Building] INFO  o.a.m.s.f.DefaultMavenResourcesFiltering - Copying 0 resource from src\main\resources to target\classes
2025-03-10 13:22:32,438 [Worker-50: Building] WARN  o.a.m.s.f.DefaultMavenResourcesFiltering - Using platform encoding (Cp1252 actually) to copy filtered resources, i.e. build is platform dependent!
2025-03-10 13:22:32,439 [Worker-50: Building] INFO  o.a.m.s.f.DefaultMavenResourcesFiltering - skip non existing resourceDirectory D:\Downloads\try\ecommerce\src\test\resources
2025-03-10 13:23:11,950 [Worker-47: Building] WARN  o.a.m.s.f.DefaultMavenResourcesFiltering - Using platform encoding (Cp1252 actually) to copy filtered resources, i.e. build is platform dependent!
2025-03-10 13:23:11,952 [Worker-47: Building] INFO  o.a.m.s.f.DefaultMavenResourcesFiltering - Copying 1 resource from src\main\resources to target\classes
2025-03-10 13:23:11,955 [Worker-47: Building] WARN  o.a.m.s.f.DefaultMavenResourcesFiltering - Using platform encoding (Cp1252 actually) to copy filtered resources, i.e. build is platform dependent!
2025-03-10 13:23:11,956 [Worker-47: Building] INFO  o.a.m.s.f.DefaultMavenResourcesFiltering - skip non existing resourceDirectory D:\Downloads\try\ecommerce\src\test\resources
2025-03-10 13:23:12,982 [Worker-48: Building] WARN  o.a.m.s.f.DefaultMavenResourcesFiltering - Using platform encoding (Cp1252 actually) to copy filtered resources, i.e. build is platform dependent!
2025-03-10 13:23:12,984 [Worker-48: Building] INFO  o.a.m.s.f.DefaultMavenResourcesFiltering - Copying 1 resource from src\main\resources to target\classes
2025-03-10 13:23:12,990 [Worker-48: Building] WARN  o.a.m.s.f.DefaultMavenResourcesFiltering - Using platform encoding (Cp1252 actually) to copy filtered resources, i.e. build is platform dependent!
2025-03-10 13:23:12,991 [Worker-48: Building] INFO  o.a.m.s.f.DefaultMavenResourcesFiltering - skip non existing resourceDirectory D:\Downloads\try\ecommerce\src\test\resources
2025-03-10 13:23:34,494 [Worker-51: Building] WARN  o.a.m.s.f.DefaultMavenResourcesFiltering - Using platform encoding (Cp1252 actually) to copy filtered resources, i.e. build is platform dependent!
2025-03-10 13:23:34,496 [Worker-51: Building] INFO  o.a.m.s.f.DefaultMavenResourcesFiltering - Copying 0 resource from src\main\resources to target\classes
2025-03-10 13:23:34,500 [Worker-51: Building] WARN  o.a.m.s.f.DefaultMavenResourcesFiltering - Using platform encoding (Cp1252 actually) to copy filtered resources, i.e. build is platform dependent!
2025-03-10 13:23:34,501 [Worker-51: Building] INFO  o.a.m.s.f.DefaultMavenResourcesFiltering - skip non existing resourceDirectory D:\Downloads\try\ecommerce\src\test\resources
2025-03-10 13:24:02,312 [Worker-52: Building] WARN  o.a.m.s.f.DefaultMavenResourcesFiltering - Using platform encoding (Cp1252 actually) to copy filtered resources, i.e. build is platform dependent!
2025-03-10 13:24:02,313 [Worker-52: Building] INFO  o.a.m.s.f.DefaultMavenResourcesFiltering - Copying 1 resource from src\main\resources to target\classes
2025-03-10 13:24:02,317 [Worker-52: Building] WARN  o.a.m.s.f.DefaultMavenResourcesFiltering - Using platform encoding (Cp1252 actually) to copy filtered resources, i.e. build is platform dependent!
2025-03-10 13:24:02,318 [Worker-52: Building] INFO  o.a.m.s.f.DefaultMavenResourcesFiltering - skip non existing resourceDirectory D:\Downloads\try\ecommerce\src\test\resources
2025-03-10 13:26:23,945 [Worker-50: Building] WARN  o.a.m.s.f.DefaultMavenResourcesFiltering - Using platform encoding (Cp1252 actually) to copy filtered resources, i.e. build is platform dependent!
2025-03-10 13:26:23,946 [Worker-50: Building] INFO  o.a.m.s.f.DefaultMavenResourcesFiltering - Copying 2 resources from src\main\resources to target\classes
2025-03-10 13:26:23,952 [Worker-50: Building] WARN  o.a.m.s.f.DefaultMavenResourcesFiltering - Using platform encoding (Cp1252 actually) to copy filtered resources, i.e. build is platform dependent!
2025-03-10 13:26:23,953 [Worker-50: Building] INFO  o.a.m.s.f.DefaultMavenResourcesFiltering - Copying 0 resource from src\test\resources to target\test-classes
2025-03-10 13:26:40,742 [Worker-47: Building] WARN  o.a.m.s.f.DefaultMavenResourcesFiltering - Using platform encoding (Cp1252 actually) to copy filtered resources, i.e. build is platform dependent!
2025-03-10 13:26:40,745 [Worker-47: Building] INFO  o.a.m.s.f.DefaultMavenResourcesFiltering - Copying 0 resource from src\main\resources to target\classes
2025-03-10 13:26:40,751 [Worker-47: Building] WARN  o.a.m.s.f.DefaultMavenResourcesFiltering - Using platform encoding (Cp1252 actually) to copy filtered resources, i.e. build is platform dependent!
2025-03-10 13:26:40,753 [Worker-47: Building] INFO  o.a.m.s.f.DefaultMavenResourcesFiltering - Copying 0 resource from src\test\resources to target\test-classes
2025-03-10 13:26:55,169 [Worker-51: Building] WARN  o.a.m.s.f.DefaultMavenResourcesFiltering - Using platform encoding (Cp1252 actually) to copy filtered resources, i.e. build is platform dependent!
2025-03-10 13:26:55,170 [Worker-51: Building] INFO  o.a.m.s.f.DefaultMavenResourcesFiltering - Copying 0 resource from src\main\resources to target\classes
2025-03-10 13:26:55,173 [Worker-51: Building] WARN  o.a.m.s.f.DefaultMavenResourcesFiltering - Using platform encoding (Cp1252 actually) to copy filtered resources, i.e. build is platform dependent!
2025-03-10 13:26:55,174 [Worker-51: Building] INFO  o.a.m.s.f.DefaultMavenResourcesFiltering - Copying 0 resource from src\test\resources to target\test-classes
2025-03-10 13:27:58,640 [Worker-47: Building] WARN  o.a.m.s.f.DefaultMavenResourcesFiltering - Using platform encoding (Cp1252 actually) to copy filtered resources, i.e. build is platform dependent!
2025-03-10 13:27:58,642 [Worker-47: Building] INFO  o.a.m.s.f.DefaultMavenResourcesFiltering - Copying 0 resource from src\main\resources to target\classes
2025-03-10 13:27:58,645 [Worker-47: Building] WARN  o.a.m.s.f.DefaultMavenResourcesFiltering - Using platform encoding (Cp1252 actually) to copy filtered resources, i.e. build is platform dependent!
2025-03-10 13:27:58,647 [Worker-47: Building] INFO  o.a.m.s.f.DefaultMavenResourcesFiltering - Copying 0 resource from src\test\resources to target\test-classes
2025-03-10 13:28:11,697 [Worker-51: Building] WARN  o.a.m.s.f.DefaultMavenResourcesFiltering - Using platform encoding (Cp1252 actually) to copy filtered resources, i.e. build is platform dependent!
2025-03-10 13:28:11,699 [Worker-51: Building] INFO  o.a.m.s.f.DefaultMavenResourcesFiltering - Copying 0 resource from src\main\resources to target\classes
2025-03-10 13:28:11,701 [Worker-51: Building] WARN  o.a.m.s.f.DefaultMavenResourcesFiltering - Using platform encoding (Cp1252 actually) to copy filtered resources, i.e. build is platform dependent!
2025-03-10 13:28:11,703 [Worker-51: Building] INFO  o.a.m.s.f.DefaultMavenResourcesFiltering - Copying 0 resource from src\test\resources to target\test-classes
2025-03-10 13:29:12,795 [Worker-54: Building] WARN  o.a.m.s.f.DefaultMavenResourcesFiltering - Using platform encoding (Cp1252 actually) to copy filtered resources, i.e. build is platform dependent!
2025-03-10 13:29:12,797 [Worker-54: Building] INFO  o.a.m.s.f.DefaultMavenResourcesFiltering - Copying 1 resource from src\main\resources to target\classes
2025-03-10 13:29:12,804 [Worker-54: Building] WARN  o.a.m.s.f.DefaultMavenResourcesFiltering - Using platform encoding (Cp1252 actually) to copy filtered resources, i.e. build is platform dependent!
2025-03-10 13:29:12,806 [Worker-54: Building] INFO  o.a.m.s.f.DefaultMavenResourcesFiltering - Copying 0 resource from src\test\resources to target\test-classes
2025-03-10 13:29:27,328 [Worker-51: Building] WARN  o.a.m.s.f.DefaultMavenResourcesFiltering - Using platform encoding (Cp1252 actually) to copy filtered resources, i.e. build is platform dependent!
2025-03-10 13:29:27,329 [Worker-51: Building] INFO  o.a.m.s.f.DefaultMavenResourcesFiltering - Copying 1 resource from src\main\resources to target\classes
2025-03-10 13:29:27,333 [Worker-51: Building] WARN  o.a.m.s.f.DefaultMavenResourcesFiltering - Using platform encoding (Cp1252 actually) to copy filtered resources, i.e. build is platform dependent!
2025-03-10 13:29:27,334 [Worker-51: Building] INFO  o.a.m.s.f.DefaultMavenResourcesFiltering - Copying 0 resource from src\test\resources to target\test-classes
2025-03-10 13:29:58,836 [Worker-47: Building] WARN  o.a.m.s.f.DefaultMavenResourcesFiltering - Using platform encoding (Cp1252 actually) to copy filtered resources, i.e. build is platform dependent!
2025-03-10 13:29:58,837 [Worker-47: Building] INFO  o.a.m.s.f.DefaultMavenResourcesFiltering - Copying 1 resource from src\main\resources to target\classes
2025-03-10 13:29:58,839 [Worker-47: Building] WARN  o.a.m.s.f.DefaultMavenResourcesFiltering - Using platform encoding (Cp1252 actually) to copy filtered resources, i.e. build is platform dependent!
2025-03-10 13:29:58,841 [Worker-47: Building] INFO  o.a.m.s.f.DefaultMavenResourcesFiltering - Copying 0 resource from src\test\resources to target\test-classes
2025-03-10 13:30:34,998 [Worker-47: Building] WARN  o.a.m.s.f.DefaultMavenResourcesFiltering - Using platform encoding (Cp1252 actually) to copy filtered resources, i.e. build is platform dependent!
2025-03-10 13:30:34,999 [Worker-47: Building] INFO  o.a.m.s.f.DefaultMavenResourcesFiltering - Copying 1 resource from src\main\resources to target\classes
2025-03-10 13:30:35,003 [Worker-47: Building] WARN  o.a.m.s.f.DefaultMavenResourcesFiltering - Using platform encoding (Cp1252 actually) to copy filtered resources, i.e. build is platform dependent!
2025-03-10 13:30:35,004 [Worker-47: Building] INFO  o.a.m.s.f.DefaultMavenResourcesFiltering - Copying 0 resource from src\test\resources to target\test-classes
2025-03-10 13:31:07,847 [Worker-51: Building] WARN  o.a.m.s.f.DefaultMavenResourcesFiltering - Using platform encoding (Cp1252 actually) to copy filtered resources, i.e. build is platform dependent!
2025-03-10 13:31:07,848 [Worker-51: Building] INFO  o.a.m.s.f.DefaultMavenResourcesFiltering - Copying 1 resource from src\main\resources to target\classes
2025-03-10 13:31:07,851 [Worker-51: Building] WARN  o.a.m.s.f.DefaultMavenResourcesFiltering - Using platform encoding (Cp1252 actually) to copy filtered resources, i.e. build is platform dependent!
2025-03-10 13:31:07,853 [Worker-51: Building] INFO  o.a.m.s.f.DefaultMavenResourcesFiltering - Copying 0 resource from src\test\resources to target\test-classes
2025-03-10 13:31:41,763 [Worker-53: Building] WARN  o.a.m.s.f.DefaultMavenResourcesFiltering - Using platform encoding (Cp1252 actually) to copy filtered resources, i.e. build is platform dependent!
2025-03-10 13:31:41,764 [Worker-53: Building] INFO  o.a.m.s.f.DefaultMavenResourcesFiltering - Copying 1 resource from src\main\resources to target\classes
2025-03-10 13:31:41,771 [Worker-53: Building] WARN  o.a.m.s.f.DefaultMavenResourcesFiltering - Using platform encoding (Cp1252 actually) to copy filtered resources, i.e. build is platform dependent!
2025-03-10 13:31:41,773 [Worker-53: Building] INFO  o.a.m.s.f.DefaultMavenResourcesFiltering - Copying 0 resource from src\test\resources to target\test-classes
2025-03-10 13:31:48,234 [Worker-47: Building] WARN  o.a.m.s.f.DefaultMavenResourcesFiltering - Using platform encoding (Cp1252 actually) to copy filtered resources, i.e. build is platform dependent!
2025-03-10 13:31:48,235 [Worker-47: Building] INFO  o.a.m.s.f.DefaultMavenResourcesFiltering - Copying 1 resource from src\main\resources to target\classes
2025-03-10 13:31:48,238 [Worker-47: Building] WARN  o.a.m.s.f.DefaultMavenResourcesFiltering - Using platform encoding (Cp1252 actually) to copy filtered resources, i.e. build is platform dependent!
2025-03-10 13:31:48,239 [Worker-47: Building] INFO  o.a.m.s.f.DefaultMavenResourcesFiltering - Copying 0 resource from src\test\resources to target\test-classes
2025-03-10 13:32:17,309 [Worker-50: Building] WARN  o.a.m.s.f.DefaultMavenResourcesFiltering - Using platform encoding (Cp1252 actually) to copy filtered resources, i.e. build is platform dependent!
2025-03-10 13:32:17,310 [Worker-50: Building] INFO  o.a.m.s.f.DefaultMavenResourcesFiltering - Copying 1 resource from src\main\resources to target\classes
2025-03-10 13:32:17,313 [Worker-50: Building] WARN  o.a.m.s.f.DefaultMavenResourcesFiltering - Using platform encoding (Cp1252 actually) to copy filtered resources, i.e. build is platform dependent!
2025-03-10 13:32:17,314 [Worker-50: Building] INFO  o.a.m.s.f.DefaultMavenResourcesFiltering - Copying 0 resource from src\test\resources to target\test-classes
2025-03-10 13:32:20,482 [Worker-53: Building] WARN  o.a.m.s.f.DefaultMavenResourcesFiltering - Using platform encoding (Cp1252 actually) to copy filtered resources, i.e. build is platform dependent!
2025-03-10 13:32:20,484 [Worker-53: Building] INFO  o.a.m.s.f.DefaultMavenResourcesFiltering - Copying 1 resource from src\main\resources to target\classes
2025-03-10 13:32:20,486 [Worker-53: Building] WARN  o.a.m.s.f.DefaultMavenResourcesFiltering - Using platform encoding (Cp1252 actually) to copy filtered resources, i.e. build is platform dependent!
2025-03-10 13:32:20,487 [Worker-53: Building] INFO  o.a.m.s.f.DefaultMavenResourcesFiltering - Copying 0 resource from src\test\resources to target\test-classes
2025-03-10 13:32:23,764 [Worker-53: Building] WARN  o.a.m.s.f.DefaultMavenResourcesFiltering - Using platform encoding (Cp1252 actually) to copy filtered resources, i.e. build is platform dependent!
2025-03-10 13:32:23,765 [Worker-53: Building] INFO  o.a.m.s.f.DefaultMavenResourcesFiltering - Copying 1 resource from src\main\resources to target\classes
2025-03-10 13:32:23,768 [Worker-53: Building] WARN  o.a.m.s.f.DefaultMavenResourcesFiltering - Using platform encoding (Cp1252 actually) to copy filtered resources, i.e. build is platform dependent!
2025-03-10 13:32:23,769 [Worker-53: Building] INFO  o.a.m.s.f.DefaultMavenResourcesFiltering - Copying 0 resource from src\test\resources to target\test-classes
2025-03-10 13:34:59,306 [Worker-50: Building] WARN  o.a.m.s.f.DefaultMavenResourcesFiltering - Using platform encoding (Cp1252 actually) to copy filtered resources, i.e. build is platform dependent!
2025-03-10 13:34:59,307 [Worker-50: Building] INFO  o.a.m.s.f.DefaultMavenResourcesFiltering - Copying 0 resource from src\main\resources to target\classes
2025-03-10 13:34:59,310 [Worker-50: Building] WARN  o.a.m.s.f.DefaultMavenResourcesFiltering - Using platform encoding (Cp1252 actually) to copy filtered resources, i.e. build is platform dependent!
2025-03-10 13:34:59,311 [Worker-50: Building] INFO  o.a.m.s.f.DefaultMavenResourcesFiltering - Copying 0 resource from src\test\resources to target\test-classes
2025-03-10 13:35:24,891 [Worker-57: Building] WARN  o.a.m.s.f.DefaultMavenResourcesFiltering - Using platform encoding (Cp1252 actually) to copy filtered resources, i.e. build is platform dependent!
2025-03-10 13:35:24,893 [Worker-57: Building] INFO  o.a.m.s.f.DefaultMavenResourcesFiltering - Copying 0 resource from src\main\resources to target\classes
2025-03-10 13:35:24,901 [Worker-57: Building] WARN  o.a.m.s.f.DefaultMavenResourcesFiltering - Using platform encoding (Cp1252 actually) to copy filtered resources, i.e. build is platform dependent!
2025-03-10 13:35:24,903 [Worker-57: Building] INFO  o.a.m.s.f.DefaultMavenResourcesFiltering - Copying 0 resource from src\test\resources to target\test-classes
2025-03-10 13:35:58,658 [Worker-27: Building] WARN  o.a.m.s.f.DefaultMavenResourcesFiltering - Using platform encoding (Cp1252 actually) to copy filtered resources, i.e. build is platform dependent!
2025-03-10 13:35:58,661 [Worker-27: Building] INFO  o.a.m.s.f.DefaultMavenResourcesFiltering - Copying 0 resource from src\main\resources to target\classes
2025-03-10 13:35:58,664 [Worker-27: Building] WARN  o.a.m.s.f.DefaultMavenResourcesFiltering - Using platform encoding (Cp1252 actually) to copy filtered resources, i.e. build is platform dependent!
2025-03-10 13:35:58,666 [Worker-27: Building] INFO  o.a.m.s.f.DefaultMavenResourcesFiltering - Copying 0 resource from src\test\resources to target\test-classes
2025-03-10 13:36:21,806 [Worker-57: Building] WARN  o.a.m.s.f.DefaultMavenResourcesFiltering - Using platform encoding (Cp1252 actually) to copy filtered resources, i.e. build is platform dependent!
2025-03-10 13:36:21,809 [Worker-57: Building] INFO  o.a.m.s.f.DefaultMavenResourcesFiltering - Copying 0 resource from src\main\resources to target\classes
2025-03-10 13:36:21,812 [Worker-57: Building] WARN  o.a.m.s.f.DefaultMavenResourcesFiltering - Using platform encoding (Cp1252 actually) to copy filtered resources, i.e. build is platform dependent!
2025-03-10 13:36:21,814 [Worker-57: Building] INFO  o.a.m.s.f.DefaultMavenResourcesFiltering - Copying 0 resource from src\test\resources to target\test-classes
2025-03-10 13:38:00,208 [Worker-57: Building] WARN  o.a.m.s.f.DefaultMavenResourcesFiltering - Using platform encoding (Cp1252 actually) to copy filtered resources, i.e. build is platform dependent!
2025-03-10 13:38:00,210 [Worker-57: Building] INFO  o.a.m.s.f.DefaultMavenResourcesFiltering - Copying 0 resource from src\main\resources to target\classes
2025-03-10 13:38:00,212 [Worker-57: Building] WARN  o.a.m.s.f.DefaultMavenResourcesFiltering - Using platform encoding (Cp1252 actually) to copy filtered resources, i.e. build is platform dependent!
2025-03-10 13:38:00,213 [Worker-57: Building] INFO  o.a.m.s.f.DefaultMavenResourcesFiltering - Copying 0 resource from src\test\resources to target\test-classes
2025-03-10 13:38:07,792 [Worker-54: Building] WARN  o.a.m.s.f.DefaultMavenResourcesFiltering - Using platform encoding (Cp1252 actually) to copy filtered resources, i.e. build is platform dependent!
2025-03-10 13:38:07,794 [Worker-54: Building] INFO  o.a.m.s.f.DefaultMavenResourcesFiltering - Copying 0 resource from src\main\resources to target\classes
2025-03-10 13:38:07,798 [Worker-54: Building] WARN  o.a.m.s.f.DefaultMavenResourcesFiltering - Using platform encoding (Cp1252 actually) to copy filtered resources, i.e. build is platform dependent!
2025-03-10 13:38:07,800 [Worker-54: Building] INFO  o.a.m.s.f.DefaultMavenResourcesFiltering - Copying 0 resource from src\test\resources to target\test-classes
2025-03-10 13:38:30,459 [Worker-53: Building] WARN  o.a.m.s.f.DefaultMavenResourcesFiltering - Using platform encoding (Cp1252 actually) to copy filtered resources, i.e. build is platform dependent!
2025-03-10 13:38:30,460 [Worker-53: Building] INFO  o.a.m.s.f.DefaultMavenResourcesFiltering - Copying 0 resource from src\main\resources to target\classes
2025-03-10 13:38:30,463 [Worker-53: Building] WARN  o.a.m.s.f.DefaultMavenResourcesFiltering - Using platform encoding (Cp1252 actually) to copy filtered resources, i.e. build is platform dependent!
2025-03-10 13:38:30,464 [Worker-53: Building] INFO  o.a.m.s.f.DefaultMavenResourcesFiltering - Copying 0 resource from src\test\resources to target\test-classes
2025-03-10 13:39:02,378 [Worker-56: Building] WARN  o.a.m.s.f.DefaultMavenResourcesFiltering - Using platform encoding (Cp1252 actually) to copy filtered resources, i.e. build is platform dependent!
2025-03-10 13:39:02,380 [Worker-56: Building] INFO  o.a.m.s.f.DefaultMavenResourcesFiltering - Copying 0 resource from src\main\resources to target\classes
2025-03-10 13:39:02,383 [Worker-56: Building] WARN  o.a.m.s.f.DefaultMavenResourcesFiltering - Using platform encoding (Cp1252 actually) to copy filtered resources, i.e. build is platform dependent!
2025-03-10 13:39:02,384 [Worker-56: Building] INFO  o.a.m.s.f.DefaultMavenResourcesFiltering - Copying 0 resource from src\test\resources to target\test-classes
2025-03-10 13:39:09,767 [Worker-54: Building] WARN  o.a.m.s.f.DefaultMavenResourcesFiltering - Using platform encoding (Cp1252 actually) to copy filtered resources, i.e. build is platform dependent!
2025-03-10 13:39:09,768 [Worker-54: Building] INFO  o.a.m.s.f.DefaultMavenResourcesFiltering - Copying 0 resource from src\main\resources to target\classes
2025-03-10 13:39:09,770 [Worker-54: Building] WARN  o.a.m.s.f.DefaultMavenResourcesFiltering - Using platform encoding (Cp1252 actually) to copy filtered resources, i.e. build is platform dependent!
2025-03-10 13:39:09,771 [Worker-54: Building] INFO  o.a.m.s.f.DefaultMavenResourcesFiltering - Copying 0 resource from src\test\resources to target\test-classes
2025-03-10 13:39:40,149 [Worker-54: Building] WARN  o.a.m.s.f.DefaultMavenResourcesFiltering - Using platform encoding (Cp1252 actually) to copy filtered resources, i.e. build is platform dependent!
2025-03-10 13:39:40,151 [Worker-54: Building] INFO  o.a.m.s.f.DefaultMavenResourcesFiltering - Copying 0 resource from src\main\resources to target\classes
2025-03-10 13:39:40,157 [Worker-54: Building] WARN  o.a.m.s.f.DefaultMavenResourcesFiltering - Using platform encoding (Cp1252 actually) to copy filtered resources, i.e. build is platform dependent!
2025-03-10 13:39:40,160 [Worker-54: Building] INFO  o.a.m.s.f.DefaultMavenResourcesFiltering - Copying 0 resource from src\test\resources to target\test-classes
2025-03-10 13:39:58,099 [Worker-57: Building] WARN  o.a.m.s.f.DefaultMavenResourcesFiltering - Using platform encoding (Cp1252 actually) to copy filtered resources, i.e. build is platform dependent!
2025-03-10 13:39:58,100 [Worker-57: Building] INFO  o.a.m.s.f.DefaultMavenResourcesFiltering - Copying 0 resource from src\main\resources to target\classes
2025-03-10 13:39:58,102 [Worker-57: Building] WARN  o.a.m.s.f.DefaultMavenResourcesFiltering - Using platform encoding (Cp1252 actually) to copy filtered resources, i.e. build is platform dependent!
2025-03-10 13:39:58,103 [Worker-57: Building] INFO  o.a.m.s.f.DefaultMavenResourcesFiltering - Copying 0 resource from src\test\resources to target\test-classes
2025-03-10 13:40:24,459 [Worker-53: Building] WARN  o.a.m.s.f.DefaultMavenResourcesFiltering - Using platform encoding (Cp1252 actually) to copy filtered resources, i.e. build is platform dependent!
2025-03-10 13:40:24,463 [Worker-53: Building] INFO  o.a.m.s.f.DefaultMavenResourcesFiltering - Copying 0 resource from src\main\resources to target\classes
2025-03-10 13:40:24,467 [Worker-53: Building] WARN  o.a.m.s.f.DefaultMavenResourcesFiltering - Using platform encoding (Cp1252 actually) to copy filtered resources, i.e. build is platform dependent!
2025-03-10 13:40:24,469 [Worker-53: Building] INFO  o.a.m.s.f.DefaultMavenResourcesFiltering - Copying 0 resource from src\test\resources to target\test-classes
2025-03-10 13:41:18,927 [Worker-47: Building] WARN  o.a.m.s.f.DefaultMavenResourcesFiltering - Using platform encoding (Cp1252 actually) to copy filtered resources, i.e. build is platform dependent!
2025-03-10 13:41:18,929 [Worker-47: Building] INFO  o.a.m.s.f.DefaultMavenResourcesFiltering - Copying 1 resource from src\main\resources to target\classes
2025-03-10 13:41:18,932 [Worker-47: Building] WARN  o.a.m.s.f.DefaultMavenResourcesFiltering - Using platform encoding (Cp1252 actually) to copy filtered resources, i.e. build is platform dependent!
2025-03-10 13:41:18,934 [Worker-47: Building] INFO  o.a.m.s.f.DefaultMavenResourcesFiltering - Copying 0 resource from src\test\resources to target\test-classes
2025-03-10 13:43:00,627 [Worker-47: Building] WARN  o.a.m.s.f.DefaultMavenResourcesFiltering - Using platform encoding (Cp1252 actually) to copy filtered resources, i.e. build is platform dependent!
2025-03-10 13:43:00,628 [Worker-47: Building] INFO  o.a.m.s.f.DefaultMavenResourcesFiltering - Copying 1 resource from src\main\resources to target\classes
2025-03-10 13:43:00,630 [Worker-47: Building] WARN  o.a.m.s.f.DefaultMavenResourcesFiltering - Using platform encoding (Cp1252 actually) to copy filtered resources, i.e. build is platform dependent!
2025-03-10 13:43:00,631 [Worker-47: Building] INFO  o.a.m.s.f.DefaultMavenResourcesFiltering - Copying 0 resource from src\test\resources to target\test-classes
2025-03-10 13:44:06,480 [Worker-58: Building] WARN  o.a.m.s.f.DefaultMavenResourcesFiltering - Using platform encoding (Cp1252 actually) to copy filtered resources, i.e. build is platform dependent!
2025-03-10 13:44:06,482 [Worker-58: Building] INFO  o.a.m.s.f.DefaultMavenResourcesFiltering - Copying 1 resource from src\main\resources to target\classes
2025-03-10 13:44:06,486 [Worker-58: Building] WARN  o.a.m.s.f.DefaultMavenResourcesFiltering - Using platform encoding (Cp1252 actually) to copy filtered resources, i.e. build is platform dependent!
2025-03-10 13:44:06,488 [Worker-58: Building] INFO  o.a.m.s.f.DefaultMavenResourcesFiltering - Copying 0 resource from src\test\resources to target\test-classes
2025-03-10 13:45:54,419 [Worker-58: Building] WARN  o.a.m.s.f.DefaultMavenResourcesFiltering - Using platform encoding (Cp1252 actually) to copy filtered resources, i.e. build is platform dependent!
2025-03-10 13:45:54,420 [Worker-58: Building] INFO  o.a.m.s.f.DefaultMavenResourcesFiltering - Copying 1 resource from src\main\resources to target\classes
2025-03-10 13:45:54,423 [Worker-58: Building] WARN  o.a.m.s.f.DefaultMavenResourcesFiltering - Using platform encoding (Cp1252 actually) to copy filtered resources, i.e. build is platform dependent!
2025-03-10 13:45:54,424 [Worker-58: Building] INFO  o.a.m.s.f.DefaultMavenResourcesFiltering - Copying 0 resource from src\test\resources to target\test-classes
2025-03-10 13:46:19,232 [Worker-58: Building] WARN  o.a.m.s.f.DefaultMavenResourcesFiltering - Using platform encoding (Cp1252 actually) to copy filtered resources, i.e. build is platform dependent!
2025-03-10 13:46:19,234 [Worker-58: Building] INFO  o.a.m.s.f.DefaultMavenResourcesFiltering - Copying 1 resource from src\main\resources to target\classes
2025-03-10 13:46:19,237 [Worker-58: Building] WARN  o.a.m.s.f.DefaultMavenResourcesFiltering - Using platform encoding (Cp1252 actually) to copy filtered resources, i.e. build is platform dependent!
2025-03-10 13:46:19,238 [Worker-58: Building] INFO  o.a.m.s.f.DefaultMavenResourcesFiltering - Copying 0 resource from src\test\resources to target\test-classes
2025-03-10 13:54:13,128 [Worker-61: Building] WARN  o.a.m.s.f.DefaultMavenResourcesFiltering - Using platform encoding (Cp1252 actually) to copy filtered resources, i.e. build is platform dependent!
2025-03-10 13:54:13,130 [Worker-61: Building] INFO  o.a.m.s.f.DefaultMavenResourcesFiltering - Copying 1 resource from src\main\resources to target\classes
2025-03-10 13:54:13,133 [Worker-61: Building] WARN  o.a.m.s.f.DefaultMavenResourcesFiltering - Using platform encoding (Cp1252 actually) to copy filtered resources, i.e. build is platform dependent!
2025-03-10 13:54:13,134 [Worker-61: Building] INFO  o.a.m.s.f.DefaultMavenResourcesFiltering - Copying 0 resource from src\test\resources to target\test-classes
2025-03-10 13:55:00,253 [Worker-61: Building] WARN  o.a.m.s.f.DefaultMavenResourcesFiltering - Using platform encoding (Cp1252 actually) to copy filtered resources, i.e. build is platform dependent!
2025-03-10 13:55:00,254 [Worker-61: Building] INFO  o.a.m.s.f.DefaultMavenResourcesFiltering - Copying 1 resource from src\main\resources to target\classes
2025-03-10 13:55:00,256 [Worker-61: Building] WARN  o.a.m.s.f.DefaultMavenResourcesFiltering - Using platform encoding (Cp1252 actually) to copy filtered resources, i.e. build is platform dependent!
2025-03-10 13:55:00,258 [Worker-61: Building] INFO  o.a.m.s.f.DefaultMavenResourcesFiltering - Copying 0 resource from src\test\resources to target\test-classes
2025-03-10 13:55:46,248 [Worker-62: Building] WARN  o.a.m.s.f.DefaultMavenResourcesFiltering - Using platform encoding (Cp1252 actually) to copy filtered resources, i.e. build is platform dependent!
2025-03-10 13:55:46,250 [Worker-62: Building] INFO  o.a.m.s.f.DefaultMavenResourcesFiltering - Copying 1 resource from src\main\resources to target\classes
2025-03-10 13:55:46,252 [Worker-62: Building] WARN  o.a.m.s.f.DefaultMavenResourcesFiltering - Using platform encoding (Cp1252 actually) to copy filtered resources, i.e. build is platform dependent!
2025-03-10 13:55:46,253 [Worker-62: Building] INFO  o.a.m.s.f.DefaultMavenResourcesFiltering - Copying 0 resource from src\test\resources to target\test-classes
2025-03-10 13:56:54,054 [Worker-47: Building] WARN  o.a.m.s.f.DefaultMavenResourcesFiltering - Using platform encoding (Cp1252 actually) to copy filtered resources, i.e. build is platform dependent!
2025-03-10 13:56:54,055 [Worker-47: Building] INFO  o.a.m.s.f.DefaultMavenResourcesFiltering - Copying 0 resource from src\main\resources to target\classes
2025-03-10 13:56:54,057 [Worker-47: Building] WARN  o.a.m.s.f.DefaultMavenResourcesFiltering - Using platform encoding (Cp1252 actually) to copy filtered resources, i.e. build is platform dependent!
2025-03-10 13:56:54,058 [Worker-47: Building] INFO  o.a.m.s.f.DefaultMavenResourcesFiltering - Copying 0 resource from src\test\resources to target\test-classes
2025-03-10 13:57:21,660 [Worker-65: Building] WARN  o.a.m.s.f.DefaultMavenResourcesFiltering - Using platform encoding (Cp1252 actually) to copy filtered resources, i.e. build is platform dependent!
2025-03-10 13:57:21,661 [Worker-65: Building] INFO  o.a.m.s.f.DefaultMavenResourcesFiltering - Copying 1 resource from src\main\resources to target\classes
2025-03-10 13:57:21,664 [Worker-65: Building] WARN  o.a.m.s.f.DefaultMavenResourcesFiltering - Using platform encoding (Cp1252 actually) to copy filtered resources, i.e. build is platform dependent!
2025-03-10 13:57:21,665 [Worker-65: Building] INFO  o.a.m.s.f.DefaultMavenResourcesFiltering - Copying 0 resource from src\test\resources to target\test-classes
2025-03-10 13:57:29,816 [Worker-47: Building] WARN  o.a.m.s.f.DefaultMavenResourcesFiltering - Using platform encoding (Cp1252 actually) to copy filtered resources, i.e. build is platform dependent!
2025-03-10 13:57:29,817 [Worker-47: Building] INFO  o.a.m.s.f.DefaultMavenResourcesFiltering - Copying 1 resource from src\main\resources to target\classes
2025-03-10 13:57:29,819 [Worker-47: Building] WARN  o.a.m.s.f.DefaultMavenResourcesFiltering - Using platform encoding (Cp1252 actually) to copy filtered resources, i.e. build is platform dependent!
2025-03-10 13:57:29,820 [Worker-47: Building] INFO  o.a.m.s.f.DefaultMavenResourcesFiltering - Copying 0 resource from src\test\resources to target\test-classes
2025-03-10 13:57:50,933 [Worker-62: Building] WARN  o.a.m.s.f.DefaultMavenResourcesFiltering - Using platform encoding (Cp1252 actually) to copy filtered resources, i.e. build is platform dependent!
2025-03-10 13:57:50,934 [Worker-62: Building] INFO  o.a.m.s.f.DefaultMavenResourcesFiltering - Copying 1 resource from src\main\resources to target\classes
2025-03-10 13:57:50,937 [Worker-62: Building] WARN  o.a.m.s.f.DefaultMavenResourcesFiltering - Using platform encoding (Cp1252 actually) to copy filtered resources, i.e. build is platform dependent!
2025-03-10 13:57:50,939 [Worker-62: Building] INFO  o.a.m.s.f.DefaultMavenResourcesFiltering - Copying 0 resource from src\test\resources to target\test-classes
2025-03-10 13:59:56,828 [Worker-61: Building] WARN  o.a.m.s.f.DefaultMavenResourcesFiltering - Using platform encoding (Cp1252 actually) to copy filtered resources, i.e. build is platform dependent!
2025-03-10 13:59:56,830 [Worker-61: Building] INFO  o.a.m.s.f.DefaultMavenResourcesFiltering - Copying 1 resource from src\main\resources to target\classes
2025-03-10 13:59:56,833 [Worker-61: Building] WARN  o.a.m.s.f.DefaultMavenResourcesFiltering - Using platform encoding (Cp1252 actually) to copy filtered resources, i.e. build is platform dependent!
2025-03-10 13:59:56,834 [Worker-61: Building] INFO  o.a.m.s.f.DefaultMavenResourcesFiltering - Copying 0 resource from src\test\resources to target\test-classes
2025-03-10 14:00:20,114 [Worker-61: Building] WARN  o.a.m.s.f.DefaultMavenResourcesFiltering - Using platform encoding (Cp1252 actually) to copy filtered resources, i.e. build is platform dependent!
2025-03-10 14:00:20,115 [Worker-61: Building] INFO  o.a.m.s.f.DefaultMavenResourcesFiltering - Copying 1 resource from src\main\resources to target\classes
2025-03-10 14:00:20,118 [Worker-61: Building] WARN  o.a.m.s.f.DefaultMavenResourcesFiltering - Using platform encoding (Cp1252 actually) to copy filtered resources, i.e. build is platform dependent!
2025-03-10 14:00:20,118 [Worker-61: Building] INFO  o.a.m.s.f.DefaultMavenResourcesFiltering - Copying 0 resource from src\test\resources to target\test-classes
2025-03-10 14:02:16,127 [Worker-62: Building] WARN  o.a.m.s.f.DefaultMavenResourcesFiltering - Using platform encoding (Cp1252 actually) to copy filtered resources, i.e. build is platform dependent!
2025-03-10 14:02:16,129 [Worker-62: Building] INFO  o.a.m.s.f.DefaultMavenResourcesFiltering - Copying 1 resource from src\main\resources to target\classes
2025-03-10 14:02:16,132 [Worker-62: Building] WARN  o.a.m.s.f.DefaultMavenResourcesFiltering - Using platform encoding (Cp1252 actually) to copy filtered resources, i.e. build is platform dependent!
2025-03-10 14:02:16,133 [Worker-62: Building] INFO  o.a.m.s.f.DefaultMavenResourcesFiltering - Copying 0 resource from src\test\resources to target\test-classes
2025-03-10 14:05:01,586 [Worker-61: Building] WARN  o.a.m.s.f.DefaultMavenResourcesFiltering - Using platform encoding (Cp1252 actually) to copy filtered resources, i.e. build is platform dependent!
2025-03-10 14:05:01,587 [Worker-61: Building] INFO  o.a.m.s.f.DefaultMavenResourcesFiltering - Copying 1 resource from src\main\resources to target\classes
2025-03-10 14:05:01,591 [Worker-61: Building] WARN  o.a.m.s.f.DefaultMavenResourcesFiltering - Using platform encoding (Cp1252 actually) to copy filtered resources, i.e. build is platform dependent!
2025-03-10 14:05:01,592 [Worker-61: Building] INFO  o.a.m.s.f.DefaultMavenResourcesFiltering - Copying 0 resource from src\test\resources to target\test-classes
2025-03-10 14:06:46,083 [Worker-47: Building] WARN  o.a.m.s.f.DefaultMavenResourcesFiltering - Using platform encoding (Cp1252 actually) to copy filtered resources, i.e. build is platform dependent!
2025-03-10 14:06:46,085 [Worker-47: Building] INFO  o.a.m.s.f.DefaultMavenResourcesFiltering - Copying 1 resource from src\main\resources to target\classes
2025-03-10 14:06:46,089 [Worker-47: Building] WARN  o.a.m.s.f.DefaultMavenResourcesFiltering - Using platform encoding (Cp1252 actually) to copy filtered resources, i.e. build is platform dependent!
2025-03-10 14:06:46,090 [Worker-47: Building] INFO  o.a.m.s.f.DefaultMavenResourcesFiltering - Copying 0 resource from src\test\resources to target\test-classes
2025-03-10 14:07:16,302 [Worker-68: Building] WARN  o.a.m.s.f.DefaultMavenResourcesFiltering - Using platform encoding (Cp1252 actually) to copy filtered resources, i.e. build is platform dependent!
2025-03-10 14:07:16,304 [Worker-68: Building] INFO  o.a.m.s.f.DefaultMavenResourcesFiltering - Copying 1 resource from src\main\resources to target\classes
2025-03-10 14:07:16,307 [Worker-68: Building] WARN  o.a.m.s.f.DefaultMavenResourcesFiltering - Using platform encoding (Cp1252 actually) to copy filtered resources, i.e. build is platform dependent!
2025-03-10 14:07:16,309 [Worker-68: Building] INFO  o.a.m.s.f.DefaultMavenResourcesFiltering - Copying 0 resource from src\test\resources to target\test-classes
2025-03-10 14:07:51,999 [Worker-68: Building] WARN  o.a.m.s.f.DefaultMavenResourcesFiltering - Using platform encoding (Cp1252 actually) to copy filtered resources, i.e. build is platform dependent!
2025-03-10 14:07:52,000 [Worker-68: Building] INFO  o.a.m.s.f.DefaultMavenResourcesFiltering - Copying 1 resource from src\main\resources to target\classes
2025-03-10 14:07:52,004 [Worker-68: Building] WARN  o.a.m.s.f.DefaultMavenResourcesFiltering - Using platform encoding (Cp1252 actually) to copy filtered resources, i.e. build is platform dependent!
2025-03-10 14:07:52,005 [Worker-68: Building] INFO  o.a.m.s.f.DefaultMavenResourcesFiltering - Copying 0 resource from src\test\resources to target\test-classes
2025-03-10 14:13:57,383 [Worker-47: Building] WARN  o.a.m.s.f.DefaultMavenResourcesFiltering - Using platform encoding (Cp1252 actually) to copy filtered resources, i.e. build is platform dependent!
2025-03-10 14:13:57,384 [Worker-47: Building] INFO  o.a.m.s.f.DefaultMavenResourcesFiltering - Copying 1 resource from src\main\resources to target\classes
2025-03-10 14:13:57,387 [Worker-47: Building] WARN  o.a.m.s.f.DefaultMavenResourcesFiltering - Using platform encoding (Cp1252 actually) to copy filtered resources, i.e. build is platform dependent!
2025-03-10 14:13:57,388 [Worker-47: Building] INFO  o.a.m.s.f.DefaultMavenResourcesFiltering - Copying 0 resource from src\test\resources to target\test-classes
2025-03-10 14:14:53,158 [Worker-72: Building] WARN  o.a.m.s.f.DefaultMavenResourcesFiltering - Using platform encoding (Cp1252 actually) to copy filtered resources, i.e. build is platform dependent!
2025-03-10 14:14:53,159 [Worker-72: Building] INFO  o.a.m.s.f.DefaultMavenResourcesFiltering - Copying 1 resource from src\main\resources to target\classes
2025-03-10 14:14:53,161 [Worker-72: Building] WARN  o.a.m.s.f.DefaultMavenResourcesFiltering - Using platform encoding (Cp1252 actually) to copy filtered resources, i.e. build is platform dependent!
2025-03-10 14:14:53,162 [Worker-72: Building] INFO  o.a.m.s.f.DefaultMavenResourcesFiltering - Copying 0 resource from src\test\resources to target\test-classes
2025-03-10 15:25:28,045 [Worker-2: Loading available Gradle versions] INFO  o.e.b.c.i.u.g.PublishedGradleVersions - Gradle version information cache is out-of-date. Trying to update.
2025-03-10 15:25:28,503 [Worker-2: Loading available Gradle versions] INFO  o.e.b.c.i.u.g.PublishedGradleVersions - Updating Gradle version information cache failed. Using outdated cache.
2025-03-10 15:27:05,869 [Worker-2: Building] WARN  o.a.m.s.f.DefaultMavenResourcesFiltering - Using platform encoding (Cp1252 actually) to copy filtered resources, i.e. build is platform dependent!
2025-03-10 15:27:05,875 [Worker-2: Building] INFO  o.a.m.s.f.DefaultMavenResourcesFiltering - Copying 1 resource from src\main\resources to target\classes
2025-03-10 15:27:05,888 [Worker-2: Building] WARN  o.a.m.s.f.DefaultMavenResourcesFiltering - Using platform encoding (Cp1252 actually) to copy filtered resources, i.e. build is platform dependent!
2025-03-10 15:27:05,890 [Worker-2: Building] INFO  o.a.m.s.f.DefaultMavenResourcesFiltering - Copying 0 resource from src\test\resources to target\test-classes
2025-03-10 15:27:55,192 [Worker-3: Building] WARN  o.a.m.s.f.DefaultMavenResourcesFiltering - Using platform encoding (Cp1252 actually) to copy filtered resources, i.e. build is platform dependent!
2025-03-10 15:27:55,195 [Worker-3: Building] INFO  o.a.m.s.f.DefaultMavenResourcesFiltering - Copying 1 resource from src\main\resources to target\classes
2025-03-10 15:27:55,201 [Worker-3: Building] WARN  o.a.m.s.f.DefaultMavenResourcesFiltering - Using platform encoding (Cp1252 actually) to copy filtered resources, i.e. build is platform dependent!
2025-03-10 15:27:55,203 [Worker-3: Building] INFO  o.a.m.s.f.DefaultMavenResourcesFiltering - Copying 0 resource from src\test\resources to target\test-classes
2025-03-10 15:28:54,995 [Worker-0: Building] WARN  o.a.m.s.f.DefaultMavenResourcesFiltering - Using platform encoding (Cp1252 actually) to copy filtered resources, i.e. build is platform dependent!
2025-03-10 15:28:54,997 [Worker-0: Building] INFO  o.a.m.s.f.DefaultMavenResourcesFiltering - Copying 1 resource from src\main\resources to target\classes
2025-03-10 15:28:55,000 [Worker-0: Building] WARN  o.a.m.s.f.DefaultMavenResourcesFiltering - Using platform encoding (Cp1252 actually) to copy filtered resources, i.e. build is platform dependent!
2025-03-10 15:28:55,002 [Worker-0: Building] INFO  o.a.m.s.f.DefaultMavenResourcesFiltering - Copying 0 resource from src\test\resources to target\test-classes
2025-03-10 15:35:46,454 [Worker-14: Building] WARN  o.a.m.s.f.DefaultMavenResourcesFiltering - Using platform encoding (Cp1252 actually) to copy filtered resources, i.e. build is platform dependent!
2025-03-10 15:35:46,455 [Worker-14: Building] INFO  o.a.m.s.f.DefaultMavenResourcesFiltering - Copying 1 resource from src\main\resources to target\classes
2025-03-10 15:35:46,460 [Worker-14: Building] WARN  o.a.m.s.f.DefaultMavenResourcesFiltering - Using platform encoding (Cp1252 actually) to copy filtered resources, i.e. build is platform dependent!
2025-03-10 15:35:46,462 [Worker-14: Building] INFO  o.a.m.s.f.DefaultMavenResourcesFiltering - Copying 0 resource from src\test\resources to target\test-classes
2025-03-10 15:35:58,430 [Worker-3: Building] WARN  o.a.m.s.f.DefaultMavenResourcesFiltering - Using platform encoding (Cp1252 actually) to copy filtered resources, i.e. build is platform dependent!
2025-03-10 15:35:58,432 [Worker-3: Building] INFO  o.a.m.s.f.DefaultMavenResourcesFiltering - Copying 1 resource from src\main\resources to target\classes
2025-03-10 15:35:58,435 [Worker-3: Building] WARN  o.a.m.s.f.DefaultMavenResourcesFiltering - Using platform encoding (Cp1252 actually) to copy filtered resources, i.e. build is platform dependent!
2025-03-10 15:35:58,436 [Worker-3: Building] INFO  o.a.m.s.f.DefaultMavenResourcesFiltering - Copying 0 resource from src\test\resources to target\test-classes
2025-03-10 15:36:08,512 [Worker-14: Building] WARN  o.a.m.s.f.DefaultMavenResourcesFiltering - Using platform encoding (Cp1252 actually) to copy filtered resources, i.e. build is platform dependent!
2025-03-10 15:36:08,514 [Worker-14: Building] INFO  o.a.m.s.f.DefaultMavenResourcesFiltering - Copying 1 resource from src\main\resources to target\classes
2025-03-10 15:36:08,518 [Worker-14: Building] WARN  o.a.m.s.f.DefaultMavenResourcesFiltering - Using platform encoding (Cp1252 actually) to copy filtered resources, i.e. build is platform dependent!
2025-03-10 15:36:08,520 [Worker-14: Building] INFO  o.a.m.s.f.DefaultMavenResourcesFiltering - Copying 0 resource from src\test\resources to target\test-classes
2025-03-10 15:36:11,518 [Worker-3: Building] WARN  o.a.m.s.f.DefaultMavenResourcesFiltering - Using platform encoding (Cp1252 actually) to copy filtered resources, i.e. build is platform dependent!
2025-03-10 15:36:11,520 [Worker-3: Building] INFO  o.a.m.s.f.DefaultMavenResourcesFiltering - Copying 1 resource from src\main\resources to target\classes
2025-03-10 15:36:11,523 [Worker-3: Building] WARN  o.a.m.s.f.DefaultMavenResourcesFiltering - Using platform encoding (Cp1252 actually) to copy filtered resources, i.e. build is platform dependent!
2025-03-10 15:36:11,524 [Worker-3: Building] INFO  o.a.m.s.f.DefaultMavenResourcesFiltering - Copying 0 resource from src\test\resources to target\test-classes
2025-03-10 15:37:07,791 [Worker-17: Building] WARN  o.a.m.s.f.DefaultMavenResourcesFiltering - Using platform encoding (Cp1252 actually) to copy filtered resources, i.e. build is platform dependent!
2025-03-10 15:37:07,793 [Worker-17: Building] INFO  o.a.m.s.f.DefaultMavenResourcesFiltering - Copying 1 resource from src\main\resources to target\classes
2025-03-10 15:37:07,798 [Worker-17: Building] WARN  o.a.m.s.f.DefaultMavenResourcesFiltering - Using platform encoding (Cp1252 actually) to copy filtered resources, i.e. build is platform dependent!
2025-03-10 15:37:07,799 [Worker-17: Building] INFO  o.a.m.s.f.DefaultMavenResourcesFiltering - Copying 0 resource from src\test\resources to target\test-classes
2025-03-10 15:37:17,734 [Worker-14: Building] WARN  o.a.m.s.f.DefaultMavenResourcesFiltering - Using platform encoding (Cp1252 actually) to copy filtered resources, i.e. build is platform dependent!
2025-03-10 15:37:17,736 [Worker-14: Building] INFO  o.a.m.s.f.DefaultMavenResourcesFiltering - Copying 1 resource from src\main\resources to target\classes
2025-03-10 15:37:17,741 [Worker-14: Building] WARN  o.a.m.s.f.DefaultMavenResourcesFiltering - Using platform encoding (Cp1252 actually) to copy filtered resources, i.e. build is platform dependent!
2025-03-10 15:37:17,744 [Worker-14: Building] INFO  o.a.m.s.f.DefaultMavenResourcesFiltering - Copying 0 resource from src\test\resources to target\test-classes
2025-03-10 15:37:23,652 [Worker-14: Building] WARN  o.a.m.s.f.DefaultMavenResourcesFiltering - Using platform encoding (Cp1252 actually) to copy filtered resources, i.e. build is platform dependent!
2025-03-10 15:37:23,653 [Worker-14: Building] INFO  o.a.m.s.f.DefaultMavenResourcesFiltering - Copying 1 resource from src\main\resources to target\classes
2025-03-10 15:37:23,655 [Worker-14: Building] WARN  o.a.m.s.f.DefaultMavenResourcesFiltering - Using platform encoding (Cp1252 actually) to copy filtered resources, i.e. build is platform dependent!
2025-03-10 15:37:23,657 [Worker-14: Building] INFO  o.a.m.s.f.DefaultMavenResourcesFiltering - Copying 0 resource from src\test\resources to target\test-classes
2025-03-10 15:38:47,367 [Worker-17: Building] WARN  o.a.m.s.f.DefaultMavenResourcesFiltering - Using platform encoding (Cp1252 actually) to copy filtered resources, i.e. build is platform dependent!
2025-03-10 15:38:47,368 [Worker-17: Building] INFO  o.a.m.s.f.DefaultMavenResourcesFiltering - Copying 1 resource from src\main\resources to target\classes
2025-03-10 15:38:47,372 [Worker-17: Building] WARN  o.a.m.s.f.DefaultMavenResourcesFiltering - Using platform encoding (Cp1252 actually) to copy filtered resources, i.e. build is platform dependent!
2025-03-10 15:38:47,373 [Worker-17: Building] INFO  o.a.m.s.f.DefaultMavenResourcesFiltering - Copying 0 resource from src\test\resources to target\test-classes
2025-03-10 15:39:01,613 [Worker-17: Building] WARN  o.a.m.s.f.DefaultMavenResourcesFiltering - Using platform encoding (Cp1252 actually) to copy filtered resources, i.e. build is platform dependent!
2025-03-10 15:39:01,614 [Worker-17: Building] INFO  o.a.m.s.f.DefaultMavenResourcesFiltering - Copying 1 resource from src\main\resources to target\classes
2025-03-10 15:39:01,617 [Worker-17: Building] WARN  o.a.m.s.f.DefaultMavenResourcesFiltering - Using platform encoding (Cp1252 actually) to copy filtered resources, i.e. build is platform dependent!
2025-03-10 15:39:01,620 [Worker-17: Building] INFO  o.a.m.s.f.DefaultMavenResourcesFiltering - Copying 0 resource from src\test\resources to target\test-classes
2025-03-10 15:40:43,706 [Worker-19: Building] WARN  o.a.m.s.f.DefaultMavenResourcesFiltering - Using platform encoding (Cp1252 actually) to copy filtered resources, i.e. build is platform dependent!
2025-03-10 15:40:43,708 [Worker-19: Building] INFO  o.a.m.s.f.DefaultMavenResourcesFiltering - Copying 1 resource from src\main\resources to target\classes
2025-03-10 15:40:43,711 [Worker-19: Building] WARN  o.a.m.s.f.DefaultMavenResourcesFiltering - Using platform encoding (Cp1252 actually) to copy filtered resources, i.e. build is platform dependent!
2025-03-10 15:40:43,712 [Worker-19: Building] INFO  o.a.m.s.f.DefaultMavenResourcesFiltering - Copying 0 resource from src\test\resources to target\test-classes
2025-03-10 15:41:46,036 [Worker-19: Building] WARN  o.a.m.s.f.DefaultMavenResourcesFiltering - Using platform encoding (Cp1252 actually) to copy filtered resources, i.e. build is platform dependent!
2025-03-10 15:41:46,040 [Worker-19: Building] INFO  o.a.m.s.f.DefaultMavenResourcesFiltering - Copying 1 resource from src\main\resources to target\classes
2025-03-10 15:41:46,046 [Worker-19: Building] WARN  o.a.m.s.f.DefaultMavenResourcesFiltering - Using platform encoding (Cp1252 actually) to copy filtered resources, i.e. build is platform dependent!
2025-03-10 15:41:46,047 [Worker-19: Building] INFO  o.a.m.s.f.DefaultMavenResourcesFiltering - Copying 0 resource from src\test\resources to target\test-classes
2025-03-10 15:42:02,854 [Worker-20: Building] WARN  o.a.m.s.f.DefaultMavenResourcesFiltering - Using platform encoding (Cp1252 actually) to copy filtered resources, i.e. build is platform dependent!
2025-03-10 15:42:02,856 [Worker-20: Building] INFO  o.a.m.s.f.DefaultMavenResourcesFiltering - Copying 1 resource from src\main\resources to target\classes
2025-03-10 15:42:02,861 [Worker-20: Building] WARN  o.a.m.s.f.DefaultMavenResourcesFiltering - Using platform encoding (Cp1252 actually) to copy filtered resources, i.e. build is platform dependent!
2025-03-10 15:42:02,863 [Worker-20: Building] INFO  o.a.m.s.f.DefaultMavenResourcesFiltering - Copying 0 resource from src\test\resources to target\test-classes
2025-03-10 15:43:01,304 [Worker-23: Building] WARN  o.a.m.s.f.DefaultMavenResourcesFiltering - Using platform encoding (Cp1252 actually) to copy filtered resources, i.e. build is platform dependent!
2025-03-10 15:43:01,306 [Worker-23: Building] INFO  o.a.m.s.f.DefaultMavenResourcesFiltering - Copying 1 resource from src\main\resources to target\classes
2025-03-10 15:43:01,311 [Worker-23: Building] WARN  o.a.m.s.f.DefaultMavenResourcesFiltering - Using platform encoding (Cp1252 actually) to copy filtered resources, i.e. build is platform dependent!
2025-03-10 15:43:01,312 [Worker-23: Building] INFO  o.a.m.s.f.DefaultMavenResourcesFiltering - Copying 0 resource from src\test\resources to target\test-classes
2025-03-10 15:43:09,544 [Worker-23: Building] WARN  o.a.m.s.f.DefaultMavenResourcesFiltering - Using platform encoding (Cp1252 actually) to copy filtered resources, i.e. build is platform dependent!
2025-03-10 15:43:09,545 [Worker-23: Building] INFO  o.a.m.s.f.DefaultMavenResourcesFiltering - Copying 1 resource from src\main\resources to target\classes
2025-03-10 15:43:09,547 [Worker-23: Building] WARN  o.a.m.s.f.DefaultMavenResourcesFiltering - Using platform encoding (Cp1252 actually) to copy filtered resources, i.e. build is platform dependent!
2025-03-10 15:43:09,548 [Worker-23: Building] INFO  o.a.m.s.f.DefaultMavenResourcesFiltering - Copying 0 resource from src\test\resources to target\test-classes
2025-03-10 15:44:48,984 [Worker-24: Building] WARN  o.a.m.s.f.DefaultMavenResourcesFiltering - Using platform encoding (Cp1252 actually) to copy filtered resources, i.e. build is platform dependent!
2025-03-10 15:44:48,987 [Worker-24: Building] INFO  o.a.m.s.f.DefaultMavenResourcesFiltering - Copying 0 resource from src\main\resources to target\classes
2025-03-10 15:44:48,992 [Worker-24: Building] WARN  o.a.m.s.f.DefaultMavenResourcesFiltering - Using platform encoding (Cp1252 actually) to copy filtered resources, i.e. build is platform dependent!
2025-03-10 15:44:48,994 [Worker-24: Building] INFO  o.a.m.s.f.DefaultMavenResourcesFiltering - Copying 0 resource from src\test\resources to target\test-classes
2025-03-10 15:45:10,037 [Worker-23: Building] WARN  o.a.m.s.f.DefaultMavenResourcesFiltering - Using platform encoding (Cp1252 actually) to copy filtered resources, i.e. build is platform dependent!
2025-03-10 15:45:10,039 [Worker-23: Building] INFO  o.a.m.s.f.DefaultMavenResourcesFiltering - Copying 1 resource from src\main\resources to target\classes
2025-03-10 15:45:10,042 [Worker-23: Building] WARN  o.a.m.s.f.DefaultMavenResourcesFiltering - Using platform encoding (Cp1252 actually) to copy filtered resources, i.e. build is platform dependent!
2025-03-10 15:45:10,043 [Worker-23: Building] INFO  o.a.m.s.f.DefaultMavenResourcesFiltering - Copying 0 resource from src\test\resources to target\test-classes
2025-03-10 15:45:12,492 [Worker-25: Building] WARN  o.a.m.s.f.DefaultMavenResourcesFiltering - Using platform encoding (Cp1252 actually) to copy filtered resources, i.e. build is platform dependent!
2025-03-10 15:45:12,493 [Worker-25: Building] INFO  o.a.m.s.f.DefaultMavenResourcesFiltering - Copying 1 resource from src\main\resources to target\classes
2025-03-10 15:45:12,496 [Worker-25: Building] WARN  o.a.m.s.f.DefaultMavenResourcesFiltering - Using platform encoding (Cp1252 actually) to copy filtered resources, i.e. build is platform dependent!
2025-03-10 15:45:12,497 [Worker-25: Building] INFO  o.a.m.s.f.DefaultMavenResourcesFiltering - Copying 0 resource from src\test\resources to target\test-classes
2025-03-10 15:46:34,492 [Worker-23: Building] WARN  o.a.m.s.f.DefaultMavenResourcesFiltering - Using platform encoding (Cp1252 actually) to copy filtered resources, i.e. build is platform dependent!
2025-03-10 15:46:34,493 [Worker-23: Building] INFO  o.a.m.s.f.DefaultMavenResourcesFiltering - Copying 0 resource from src\main\resources to target\classes
2025-03-10 15:46:34,496 [Worker-23: Building] WARN  o.a.m.s.f.DefaultMavenResourcesFiltering - Using platform encoding (Cp1252 actually) to copy filtered resources, i.e. build is platform dependent!
2025-03-10 15:46:34,497 [Worker-23: Building] INFO  o.a.m.s.f.DefaultMavenResourcesFiltering - Copying 0 resource from src\test\resources to target\test-classes
2025-03-10 15:47:26,773 [Worker-25: Building] WARN  o.a.m.s.f.DefaultMavenResourcesFiltering - Using platform encoding (Cp1252 actually) to copy filtered resources, i.e. build is platform dependent!
2025-03-10 15:47:26,774 [Worker-25: Building] INFO  o.a.m.s.f.DefaultMavenResourcesFiltering - Copying 0 resource from src\main\resources to target\classes
2025-03-10 15:47:26,791 [Worker-25: Building] WARN  o.a.m.s.f.DefaultMavenResourcesFiltering - Using platform encoding (Cp1252 actually) to copy filtered resources, i.e. build is platform dependent!
2025-03-10 15:47:26,792 [Worker-25: Building] INFO  o.a.m.s.f.DefaultMavenResourcesFiltering - Copying 0 resource from src\test\resources to target\test-classes
2025-03-10 15:47:42,186 [Worker-21: Building] WARN  o.a.m.s.f.DefaultMavenResourcesFiltering - Using platform encoding (Cp1252 actually) to copy filtered resources, i.e. build is platform dependent!
2025-03-10 15:47:42,188 [Worker-21: Building] INFO  o.a.m.s.f.DefaultMavenResourcesFiltering - Copying 0 resource from src\main\resources to target\classes
2025-03-10 15:47:42,194 [Worker-21: Building] WARN  o.a.m.s.f.DefaultMavenResourcesFiltering - Using platform encoding (Cp1252 actually) to copy filtered resources, i.e. build is platform dependent!
2025-03-10 15:47:42,197 [Worker-21: Building] INFO  o.a.m.s.f.DefaultMavenResourcesFiltering - Copying 0 resource from src\test\resources to target\test-classes
2025-03-10 15:48:17,300 [Worker-25: Building] WARN  o.a.m.s.f.DefaultMavenResourcesFiltering - Using platform encoding (Cp1252 actually) to copy filtered resources, i.e. build is platform dependent!
2025-03-10 15:48:17,303 [Worker-25: Building] INFO  o.a.m.s.f.DefaultMavenResourcesFiltering - Copying 0 resource from src\main\resources to target\classes
2025-03-10 15:48:17,307 [Worker-25: Building] WARN  o.a.m.s.f.DefaultMavenResourcesFiltering - Using platform encoding (Cp1252 actually) to copy filtered resources, i.e. build is platform dependent!
2025-03-10 15:48:17,309 [Worker-25: Building] INFO  o.a.m.s.f.DefaultMavenResourcesFiltering - Copying 0 resource from src\test\resources to target\test-classes
2025-03-10 15:52:30,575 [Worker-28: Building] WARN  o.a.m.s.f.DefaultMavenResourcesFiltering - Using platform encoding (Cp1252 actually) to copy filtered resources, i.e. build is platform dependent!
2025-03-10 15:52:30,578 [Worker-28: Building] INFO  o.a.m.s.f.DefaultMavenResourcesFiltering - Copying 0 resource from src\main\resources to target\classes
2025-03-10 15:52:30,583 [Worker-28: Building] WARN  o.a.m.s.f.DefaultMavenResourcesFiltering - Using platform encoding (Cp1252 actually) to copy filtered resources, i.e. build is platform dependent!
2025-03-10 15:52:30,585 [Worker-28: Building] INFO  o.a.m.s.f.DefaultMavenResourcesFiltering - Copying 0 resource from src\test\resources to target\test-classes
2025-03-10 15:52:39,487 [Worker-27: Building] WARN  o.a.m.s.f.DefaultMavenResourcesFiltering - Using platform encoding (Cp1252 actually) to copy filtered resources, i.e. build is platform dependent!
2025-03-10 15:52:39,491 [Worker-27: Building] INFO  o.a.m.s.f.DefaultMavenResourcesFiltering - Copying 0 resource from src\main\resources to target\classes
2025-03-10 15:52:39,497 [Worker-27: Building] WARN  o.a.m.s.f.DefaultMavenResourcesFiltering - Using platform encoding (Cp1252 actually) to copy filtered resources, i.e. build is platform dependent!
2025-03-10 15:52:39,498 [Worker-27: Building] INFO  o.a.m.s.f.DefaultMavenResourcesFiltering - Copying 0 resource from src\test\resources to target\test-classes
2025-03-10 15:53:24,247 [Worker-21: Building] WARN  o.a.m.s.f.DefaultMavenResourcesFiltering - Using platform encoding (Cp1252 actually) to copy filtered resources, i.e. build is platform dependent!
2025-03-10 15:53:24,257 [Worker-21: Building] INFO  o.a.m.s.f.DefaultMavenResourcesFiltering - Copying 0 resource from src\main\resources to target\classes
2025-03-10 15:53:24,262 [Worker-21: Building] WARN  o.a.m.s.f.DefaultMavenResourcesFiltering - Using platform encoding (Cp1252 actually) to copy filtered resources, i.e. build is platform dependent!
2025-03-10 15:53:24,263 [Worker-21: Building] INFO  o.a.m.s.f.DefaultMavenResourcesFiltering - Copying 0 resource from src\test\resources to target\test-classes
2025-03-10 15:55:04,683 [Worker-32: Building] WARN  o.a.m.s.f.DefaultMavenResourcesFiltering - Using platform encoding (Cp1252 actually) to copy filtered resources, i.e. build is platform dependent!
2025-03-10 15:55:04,684 [Worker-32: Building] INFO  o.a.m.s.f.DefaultMavenResourcesFiltering - Copying 1 resource from src\main\resources to target\classes
2025-03-10 15:55:04,687 [Worker-32: Building] WARN  o.a.m.s.f.DefaultMavenResourcesFiltering - Using platform encoding (Cp1252 actually) to copy filtered resources, i.e. build is platform dependent!
2025-03-10 15:55:04,688 [Worker-32: Building] INFO  o.a.m.s.f.DefaultMavenResourcesFiltering - Copying 0 resource from src\test\resources to target\test-classes
2025-03-10 15:56:32,677 [Worker-30: Building] WARN  o.a.m.s.f.DefaultMavenResourcesFiltering - Using platform encoding (Cp1252 actually) to copy filtered resources, i.e. build is platform dependent!
2025-03-10 15:56:32,678 [Worker-30: Building] INFO  o.a.m.s.f.DefaultMavenResourcesFiltering - Copying 1 resource from src\main\resources to target\classes
2025-03-10 15:56:32,687 [Worker-30: Building] WARN  o.a.m.s.f.DefaultMavenResourcesFiltering - Using platform encoding (Cp1252 actually) to copy filtered resources, i.e. build is platform dependent!
2025-03-10 15:56:32,689 [Worker-30: Building] INFO  o.a.m.s.f.DefaultMavenResourcesFiltering - Copying 0 resource from src\test\resources to target\test-classes
2025-03-10 15:56:53,660 [Worker-29: Building] WARN  o.a.m.s.f.DefaultMavenResourcesFiltering - Using platform encoding (Cp1252 actually) to copy filtered resources, i.e. build is platform dependent!
2025-03-10 15:56:53,661 [Worker-29: Building] INFO  o.a.m.s.f.DefaultMavenResourcesFiltering - Copying 1 resource from src\main\resources to target\classes
2025-03-10 15:56:53,665 [Worker-29: Building] WARN  o.a.m.s.f.DefaultMavenResourcesFiltering - Using platform encoding (Cp1252 actually) to copy filtered resources, i.e. build is platform dependent!
2025-03-10 15:56:53,666 [Worker-29: Building] INFO  o.a.m.s.f.DefaultMavenResourcesFiltering - Copying 0 resource from src\test\resources to target\test-classes
2025-03-10 15:58:30,391 [Worker-30: Building] WARN  o.a.m.s.f.DefaultMavenResourcesFiltering - Using platform encoding (Cp1252 actually) to copy filtered resources, i.e. build is platform dependent!
2025-03-10 15:58:30,393 [Worker-30: Building] INFO  o.a.m.s.f.DefaultMavenResourcesFiltering - Copying 0 resource from src\main\resources to target\classes
2025-03-10 15:58:30,398 [Worker-30: Building] WARN  o.a.m.s.f.DefaultMavenResourcesFiltering - Using platform encoding (Cp1252 actually) to copy filtered resources, i.e. build is platform dependent!
2025-03-10 15:58:30,399 [Worker-30: Building] INFO  o.a.m.s.f.DefaultMavenResourcesFiltering - Copying 0 resource from src\test\resources to target\test-classes
2025-03-10 15:59:43,959 [Worker-33: Building] WARN  o.a.m.s.f.DefaultMavenResourcesFiltering - Using platform encoding (Cp1252 actually) to copy filtered resources, i.e. build is platform dependent!
2025-03-10 15:59:43,961 [Worker-33: Building] INFO  o.a.m.s.f.DefaultMavenResourcesFiltering - Copying 0 resource from src\main\resources to target\classes
2025-03-10 15:59:43,973 [Worker-33: Building] WARN  o.a.m.s.f.DefaultMavenResourcesFiltering - Using platform encoding (Cp1252 actually) to copy filtered resources, i.e. build is platform dependent!
2025-03-10 15:59:44,011 [Worker-33: Building] INFO  o.a.m.s.f.DefaultMavenResourcesFiltering - Copying 0 resource from src\test\resources to target\test-classes
2025-03-10 16:00:49,818 [Worker-31: Building] WARN  o.a.m.s.f.DefaultMavenResourcesFiltering - Using platform encoding (Cp1252 actually) to copy filtered resources, i.e. build is platform dependent!
2025-03-10 16:00:49,820 [Worker-31: Building] INFO  o.a.m.s.f.DefaultMavenResourcesFiltering - Copying 0 resource from src\main\resources to target\classes
2025-03-10 16:00:49,825 [Worker-31: Building] WARN  o.a.m.s.f.DefaultMavenResourcesFiltering - Using platform encoding (Cp1252 actually) to copy filtered resources, i.e. build is platform dependent!
2025-03-10 16:00:49,826 [Worker-31: Building] INFO  o.a.m.s.f.DefaultMavenResourcesFiltering - Copying 0 resource from src\test\resources to target\test-classes
2025-03-10 16:01:11,122 [Worker-32: Building] WARN  o.a.m.s.f.DefaultMavenResourcesFiltering - Using platform encoding (Cp1252 actually) to copy filtered resources, i.e. build is platform dependent!
2025-03-10 16:01:11,124 [Worker-32: Building] INFO  o.a.m.s.f.DefaultMavenResourcesFiltering - Copying 0 resource from src\main\resources to target\classes
2025-03-10 16:01:11,129 [Worker-32: Building] WARN  o.a.m.s.f.DefaultMavenResourcesFiltering - Using platform encoding (Cp1252 actually) to copy filtered resources, i.e. build is platform dependent!
2025-03-10 16:01:11,131 [Worker-32: Building] INFO  o.a.m.s.f.DefaultMavenResourcesFiltering - Copying 0 resource from src\test\resources to target\test-classes
2025-03-10 16:01:35,647 [Worker-32: Building] WARN  o.a.m.s.f.DefaultMavenResourcesFiltering - Using platform encoding (Cp1252 actually) to copy filtered resources, i.e. build is platform dependent!
2025-03-10 16:01:35,649 [Worker-32: Building] INFO  o.a.m.s.f.DefaultMavenResourcesFiltering - Copying 0 resource from src\main\resources to target\classes
2025-03-10 16:01:35,651 [Worker-32: Building] WARN  o.a.m.s.f.DefaultMavenResourcesFiltering - Using platform encoding (Cp1252 actually) to copy filtered resources, i.e. build is platform dependent!
2025-03-10 16:01:35,652 [Worker-32: Building] INFO  o.a.m.s.f.DefaultMavenResourcesFiltering - Copying 0 resource from src\test\resources to target\test-classes
2025-03-10 16:03:35,511 [Worker-34: Building] WARN  o.a.m.s.f.DefaultMavenResourcesFiltering - Using platform encoding (Cp1252 actually) to copy filtered resources, i.e. build is platform dependent!
2025-03-10 16:03:35,512 [Worker-34: Building] INFO  o.a.m.s.f.DefaultMavenResourcesFiltering - Copying 0 resource from src\main\resources to target\classes
2025-03-10 16:03:35,514 [Worker-34: Building] WARN  o.a.m.s.f.DefaultMavenResourcesFiltering - Using platform encoding (Cp1252 actually) to copy filtered resources, i.e. build is platform dependent!
2025-03-10 16:03:35,515 [Worker-34: Building] INFO  o.a.m.s.f.DefaultMavenResourcesFiltering - Copying 0 resource from src\test\resources to target\test-classes
2025-03-10 16:03:40,482 [Worker-36: Building] WARN  o.a.m.s.f.DefaultMavenResourcesFiltering - Using platform encoding (Cp1252 actually) to copy filtered resources, i.e. build is platform dependent!
2025-03-10 16:03:40,483 [Worker-36: Building] INFO  o.a.m.s.f.DefaultMavenResourcesFiltering - Copying 0 resource from src\main\resources to target\classes
2025-03-10 16:03:40,485 [Worker-36: Building] WARN  o.a.m.s.f.DefaultMavenResourcesFiltering - Using platform encoding (Cp1252 actually) to copy filtered resources, i.e. build is platform dependent!
2025-03-10 16:03:40,486 [Worker-36: Building] INFO  o.a.m.s.f.DefaultMavenResourcesFiltering - Copying 0 resource from src\test\resources to target\test-classes
2025-03-10 16:05:28,570 [Worker-33: Building] WARN  o.a.m.s.f.DefaultMavenResourcesFiltering - Using platform encoding (Cp1252 actually) to copy filtered resources, i.e. build is platform dependent!
2025-03-10 16:05:28,571 [Worker-33: Building] INFO  o.a.m.s.f.DefaultMavenResourcesFiltering - Copying 0 resource from src\main\resources to target\classes
2025-03-10 16:05:28,574 [Worker-33: Building] WARN  o.a.m.s.f.DefaultMavenResourcesFiltering - Using platform encoding (Cp1252 actually) to copy filtered resources, i.e. build is platform dependent!
2025-03-10 16:05:28,575 [Worker-33: Building] INFO  o.a.m.s.f.DefaultMavenResourcesFiltering - Copying 0 resource from src\test\resources to target\test-classes
2025-03-10 16:05:30,800 [Worker-37: Building] WARN  o.a.m.s.f.DefaultMavenResourcesFiltering - Using platform encoding (Cp1252 actually) to copy filtered resources, i.e. build is platform dependent!
2025-03-10 16:05:30,801 [Worker-37: Building] INFO  o.a.m.s.f.DefaultMavenResourcesFiltering - Copying 0 resource from src\main\resources to target\classes
2025-03-10 16:05:30,804 [Worker-37: Building] WARN  o.a.m.s.f.DefaultMavenResourcesFiltering - Using platform encoding (Cp1252 actually) to copy filtered resources, i.e. build is platform dependent!
2025-03-10 16:05:30,805 [Worker-37: Building] INFO  o.a.m.s.f.DefaultMavenResourcesFiltering - Copying 0 resource from src\test\resources to target\test-classes
2025-03-10 16:06:47,353 [Worker-37: Building] WARN  o.a.m.s.f.DefaultMavenResourcesFiltering - Using platform encoding (Cp1252 actually) to copy filtered resources, i.e. build is platform dependent!
2025-03-10 16:06:47,355 [Worker-37: Building] INFO  o.a.m.s.f.DefaultMavenResourcesFiltering - Copying 0 resource from src\main\resources to target\classes
2025-03-10 16:06:47,359 [Worker-37: Building] WARN  o.a.m.s.f.DefaultMavenResourcesFiltering - Using platform encoding (Cp1252 actually) to copy filtered resources, i.e. build is platform dependent!
2025-03-10 16:06:47,362 [Worker-37: Building] INFO  o.a.m.s.f.DefaultMavenResourcesFiltering - Copying 0 resource from src\test\resources to target\test-classes
2025-03-10 16:08:31,447 [Worker-32: Building] WARN  o.a.m.s.f.DefaultMavenResourcesFiltering - Using platform encoding (Cp1252 actually) to copy filtered resources, i.e. build is platform dependent!
2025-03-10 16:08:31,448 [Worker-32: Building] INFO  o.a.m.s.f.DefaultMavenResourcesFiltering - Copying 0 resource from src\main\resources to target\classes
2025-03-10 16:08:31,451 [Worker-32: Building] WARN  o.a.m.s.f.DefaultMavenResourcesFiltering - Using platform encoding (Cp1252 actually) to copy filtered resources, i.e. build is platform dependent!
2025-03-10 16:08:31,452 [Worker-32: Building] INFO  o.a.m.s.f.DefaultMavenResourcesFiltering - Copying 0 resource from src\test\resources to target\test-classes
2025-03-10 16:09:13,378 [Worker-37: Building] WARN  o.a.m.s.f.DefaultMavenResourcesFiltering - Using platform encoding (Cp1252 actually) to copy filtered resources, i.e. build is platform dependent!
2025-03-10 16:09:13,380 [Worker-37: Building] INFO  o.a.m.s.f.DefaultMavenResourcesFiltering - Copying 0 resource from src\main\resources to target\classes
2025-03-10 16:09:13,382 [Worker-37: Building] WARN  o.a.m.s.f.DefaultMavenResourcesFiltering - Using platform encoding (Cp1252 actually) to copy filtered resources, i.e. build is platform dependent!
2025-03-10 16:09:13,384 [Worker-37: Building] INFO  o.a.m.s.f.DefaultMavenResourcesFiltering - Copying 0 resource from src\test\resources to target\test-classes
2025-03-10 16:11:01,582 [Worker-38: Building] WARN  o.a.m.s.f.DefaultMavenResourcesFiltering - Using platform encoding (Cp1252 actually) to copy filtered resources, i.e. build is platform dependent!
2025-03-10 16:11:01,584 [Worker-38: Building] INFO  o.a.m.s.f.DefaultMavenResourcesFiltering - Copying 0 resource from src\main\resources to target\classes
2025-03-10 16:11:01,589 [Worker-38: Building] WARN  o.a.m.s.f.DefaultMavenResourcesFiltering - Using platform encoding (Cp1252 actually) to copy filtered resources, i.e. build is platform dependent!
2025-03-10 16:11:01,591 [Worker-38: Building] INFO  o.a.m.s.f.DefaultMavenResourcesFiltering - Copying 0 resource from src\test\resources to target\test-classes
2025-03-10 16:11:22,788 [Worker-32: Building] WARN  o.a.m.s.f.DefaultMavenResourcesFiltering - Using platform encoding (Cp1252 actually) to copy filtered resources, i.e. build is platform dependent!
2025-03-10 16:11:22,790 [Worker-32: Building] INFO  o.a.m.s.f.DefaultMavenResourcesFiltering - Copying 0 resource from src\main\resources to target\classes
2025-03-10 16:11:22,792 [Worker-32: Building] WARN  o.a.m.s.f.DefaultMavenResourcesFiltering - Using platform encoding (Cp1252 actually) to copy filtered resources, i.e. build is platform dependent!
2025-03-10 16:11:22,793 [Worker-32: Building] INFO  o.a.m.s.f.DefaultMavenResourcesFiltering - Copying 0 resource from src\test\resources to target\test-classes
2025-03-10 16:12:54,917 [Worker-37: Building] WARN  o.a.m.s.f.DefaultMavenResourcesFiltering - Using platform encoding (Cp1252 actually) to copy filtered resources, i.e. build is platform dependent!
2025-03-10 16:12:54,918 [Worker-37: Building] INFO  o.a.m.s.f.DefaultMavenResourcesFiltering - Copying 0 resource from src\main\resources to target\classes
2025-03-10 16:12:54,921 [Worker-37: Building] WARN  o.a.m.s.f.DefaultMavenResourcesFiltering - Using platform encoding (Cp1252 actually) to copy filtered resources, i.e. build is platform dependent!
2025-03-10 16:12:54,922 [Worker-37: Building] INFO  o.a.m.s.f.DefaultMavenResourcesFiltering - Copying 0 resource from src\test\resources to target\test-classes
2025-03-10 16:13:06,500 [Worker-38: Building] WARN  o.a.m.s.f.DefaultMavenResourcesFiltering - Using platform encoding (Cp1252 actually) to copy filtered resources, i.e. build is platform dependent!
2025-03-10 16:13:06,502 [Worker-38: Building] INFO  o.a.m.s.f.DefaultMavenResourcesFiltering - Copying 0 resource from src\main\resources to target\classes
2025-03-10 16:13:06,504 [Worker-38: Building] WARN  o.a.m.s.f.DefaultMavenResourcesFiltering - Using platform encoding (Cp1252 actually) to copy filtered resources, i.e. build is platform dependent!
2025-03-10 16:13:06,505 [Worker-38: Building] INFO  o.a.m.s.f.DefaultMavenResourcesFiltering - Copying 0 resource from src\test\resources to target\test-classes
2025-03-10 16:14:17,599 [Worker-38: Building] WARN  o.a.m.s.f.DefaultMavenResourcesFiltering - Using platform encoding (Cp1252 actually) to copy filtered resources, i.e. build is platform dependent!
2025-03-10 16:14:17,600 [Worker-38: Building] INFO  o.a.m.s.f.DefaultMavenResourcesFiltering - Copying 0 resource from src\main\resources to target\classes
2025-03-10 16:14:17,602 [Worker-38: Building] WARN  o.a.m.s.f.DefaultMavenResourcesFiltering - Using platform encoding (Cp1252 actually) to copy filtered resources, i.e. build is platform dependent!
2025-03-10 16:14:17,604 [Worker-38: Building] INFO  o.a.m.s.f.DefaultMavenResourcesFiltering - Copying 0 resource from src\test\resources to target\test-classes
2025-03-10 16:14:21,413 [Worker-40: Building] WARN  o.a.m.s.f.DefaultMavenResourcesFiltering - Using platform encoding (Cp1252 actually) to copy filtered resources, i.e. build is platform dependent!
2025-03-10 16:14:21,414 [Worker-40: Building] INFO  o.a.m.s.f.DefaultMavenResourcesFiltering - Copying 0 resource from src\main\resources to target\classes
2025-03-10 16:14:21,416 [Worker-40: Building] WARN  o.a.m.s.f.DefaultMavenResourcesFiltering - Using platform encoding (Cp1252 actually) to copy filtered resources, i.e. build is platform dependent!
2025-03-10 16:14:21,417 [Worker-40: Building] INFO  o.a.m.s.f.DefaultMavenResourcesFiltering - Copying 0 resource from src\test\resources to target\test-classes
2025-03-10 16:15:47,136 [Worker-33: Building] WARN  o.a.m.s.f.DefaultMavenResourcesFiltering - Using platform encoding (Cp1252 actually) to copy filtered resources, i.e. build is platform dependent!
2025-03-10 16:15:47,137 [Worker-33: Building] INFO  o.a.m.s.f.DefaultMavenResourcesFiltering - Copying 0 resource from src\main\resources to target\classes
2025-03-10 16:15:47,140 [Worker-33: Building] WARN  o.a.m.s.f.DefaultMavenResourcesFiltering - Using platform encoding (Cp1252 actually) to copy filtered resources, i.e. build is platform dependent!
2025-03-10 16:15:47,143 [Worker-33: Building] INFO  o.a.m.s.f.DefaultMavenResourcesFiltering - Copying 0 resource from src\test\resources to target\test-classes
2025-03-10 16:15:53,341 [Worker-33: Building] WARN  o.a.m.s.f.DefaultMavenResourcesFiltering - Using platform encoding (Cp1252 actually) to copy filtered resources, i.e. build is platform dependent!
2025-03-10 16:15:53,343 [Worker-33: Building] INFO  o.a.m.s.f.DefaultMavenResourcesFiltering - Copying 0 resource from src\main\resources to target\classes
2025-03-10 16:15:53,345 [Worker-33: Building] WARN  o.a.m.s.f.DefaultMavenResourcesFiltering - Using platform encoding (Cp1252 actually) to copy filtered resources, i.e. build is platform dependent!
2025-03-10 16:15:53,346 [Worker-33: Building] INFO  o.a.m.s.f.DefaultMavenResourcesFiltering - Copying 0 resource from src\test\resources to target\test-classes
2025-03-10 16:16:56,916 [Worker-41: Building] WARN  o.a.m.s.f.DefaultMavenResourcesFiltering - Using platform encoding (Cp1252 actually) to copy filtered resources, i.e. build is platform dependent!
2025-03-10 16:16:56,917 [Worker-41: Building] INFO  o.a.m.s.f.DefaultMavenResourcesFiltering - Copying 0 resource from src\main\resources to target\classes
2025-03-10 16:16:56,920 [Worker-41: Building] WARN  o.a.m.s.f.DefaultMavenResourcesFiltering - Using platform encoding (Cp1252 actually) to copy filtered resources, i.e. build is platform dependent!
2025-03-10 16:16:56,923 [Worker-41: Building] INFO  o.a.m.s.f.DefaultMavenResourcesFiltering - Copying 0 resource from src\test\resources to target\test-classes
2025-03-10 16:17:05,488 [Worker-38: Building] WARN  o.a.m.s.f.DefaultMavenResourcesFiltering - Using platform encoding (Cp1252 actually) to copy filtered resources, i.e. build is platform dependent!
2025-03-10 16:17:05,491 [Worker-38: Building] INFO  o.a.m.s.f.DefaultMavenResourcesFiltering - Copying 0 resource from src\main\resources to target\classes
2025-03-10 16:17:05,495 [Worker-38: Building] WARN  o.a.m.s.f.DefaultMavenResourcesFiltering - Using platform encoding (Cp1252 actually) to copy filtered resources, i.e. build is platform dependent!
2025-03-10 16:17:05,497 [Worker-38: Building] INFO  o.a.m.s.f.DefaultMavenResourcesFiltering - Copying 0 resource from src\test\resources to target\test-classes
2025-03-10 16:17:58,310 [Worker-38: Building] WARN  o.a.m.s.f.DefaultMavenResourcesFiltering - Using platform encoding (Cp1252 actually) to copy filtered resources, i.e. build is platform dependent!
2025-03-10 16:17:58,312 [Worker-38: Building] INFO  o.a.m.s.f.DefaultMavenResourcesFiltering - Copying 0 resource from src\main\resources to target\classes
2025-03-10 16:17:58,314 [Worker-38: Building] WARN  o.a.m.s.f.DefaultMavenResourcesFiltering - Using platform encoding (Cp1252 actually) to copy filtered resources, i.e. build is platform dependent!
2025-03-10 16:17:58,315 [Worker-38: Building] INFO  o.a.m.s.f.DefaultMavenResourcesFiltering - Copying 0 resource from src\test\resources to target\test-classes
2025-03-10 16:18:05,399 [Worker-38: Building] WARN  o.a.m.s.f.DefaultMavenResourcesFiltering - Using platform encoding (Cp1252 actually) to copy filtered resources, i.e. build is platform dependent!
2025-03-10 16:18:05,401 [Worker-38: Building] INFO  o.a.m.s.f.DefaultMavenResourcesFiltering - Copying 0 resource from src\main\resources to target\classes
2025-03-10 16:18:05,403 [Worker-38: Building] WARN  o.a.m.s.f.DefaultMavenResourcesFiltering - Using platform encoding (Cp1252 actually) to copy filtered resources, i.e. build is platform dependent!
2025-03-10 16:18:05,404 [Worker-38: Building] INFO  o.a.m.s.f.DefaultMavenResourcesFiltering - Copying 0 resource from src\test\resources to target\test-classes
2025-03-10 16:19:01,866 [Worker-38: Building] WARN  o.a.m.s.f.DefaultMavenResourcesFiltering - Using platform encoding (Cp1252 actually) to copy filtered resources, i.e. build is platform dependent!
2025-03-10 16:19:01,867 [Worker-38: Building] INFO  o.a.m.s.f.DefaultMavenResourcesFiltering - Copying 0 resource from src\main\resources to target\classes
2025-03-10 16:19:01,869 [Worker-38: Building] WARN  o.a.m.s.f.DefaultMavenResourcesFiltering - Using platform encoding (Cp1252 actually) to copy filtered resources, i.e. build is platform dependent!
2025-03-10 16:19:01,870 [Worker-38: Building] INFO  o.a.m.s.f.DefaultMavenResourcesFiltering - Copying 0 resource from src\test\resources to target\test-classes
2025-03-10 16:19:09,223 [Worker-40: Building] WARN  o.a.m.s.f.DefaultMavenResourcesFiltering - Using platform encoding (Cp1252 actually) to copy filtered resources, i.e. build is platform dependent!
2025-03-10 16:19:09,226 [Worker-40: Building] INFO  o.a.m.s.f.DefaultMavenResourcesFiltering - Copying 0 resource from src\main\resources to target\classes
2025-03-10 16:19:09,231 [Worker-40: Building] WARN  o.a.m.s.f.DefaultMavenResourcesFiltering - Using platform encoding (Cp1252 actually) to copy filtered resources, i.e. build is platform dependent!
2025-03-10 16:19:09,233 [Worker-40: Building] INFO  o.a.m.s.f.DefaultMavenResourcesFiltering - Copying 0 resource from src\test\resources to target\test-classes
2025-03-10 16:19:25,186 [Worker-43: Building] WARN  o.a.m.s.f.DefaultMavenResourcesFiltering - Using platform encoding (Cp1252 actually) to copy filtered resources, i.e. build is platform dependent!
2025-03-10 16:19:25,187 [Worker-43: Building] INFO  o.a.m.s.f.DefaultMavenResourcesFiltering - Copying 0 resource from src\main\resources to target\classes
2025-03-10 16:19:25,190 [Worker-43: Building] WARN  o.a.m.s.f.DefaultMavenResourcesFiltering - Using platform encoding (Cp1252 actually) to copy filtered resources, i.e. build is platform dependent!
2025-03-10 16:19:25,191 [Worker-43: Building] INFO  o.a.m.s.f.DefaultMavenResourcesFiltering - Copying 0 resource from src\test\resources to target\test-classes
2025-03-10 16:21:24,548 [Worker-41: Building] WARN  o.a.m.s.f.DefaultMavenResourcesFiltering - Using platform encoding (Cp1252 actually) to copy filtered resources, i.e. build is platform dependent!
2025-03-10 16:21:24,549 [Worker-41: Building] INFO  o.a.m.s.f.DefaultMavenResourcesFiltering - Copying 0 resource from src\main\resources to target\classes
2025-03-10 16:21:24,552 [Worker-41: Building] WARN  o.a.m.s.f.DefaultMavenResourcesFiltering - Using platform encoding (Cp1252 actually) to copy filtered resources, i.e. build is platform dependent!
2025-03-10 16:21:24,555 [Worker-41: Building] INFO  o.a.m.s.f.DefaultMavenResourcesFiltering - Copying 0 resource from src\test\resources to target\test-classes
2025-03-10 16:21:33,211 [Worker-43: Building] WARN  o.a.m.s.f.DefaultMavenResourcesFiltering - Using platform encoding (Cp1252 actually) to copy filtered resources, i.e. build is platform dependent!
2025-03-10 16:21:33,213 [Worker-43: Building] INFO  o.a.m.s.f.DefaultMavenResourcesFiltering - Copying 0 resource from src\main\resources to target\classes
2025-03-10 16:21:33,215 [Worker-43: Building] WARN  o.a.m.s.f.DefaultMavenResourcesFiltering - Using platform encoding (Cp1252 actually) to copy filtered resources, i.e. build is platform dependent!
2025-03-10 16:21:33,217 [Worker-43: Building] INFO  o.a.m.s.f.DefaultMavenResourcesFiltering - Copying 0 resource from src\test\resources to target\test-classes
2025-03-10 16:22:01,913 [Worker-40: Building] WARN  o.a.m.s.f.DefaultMavenResourcesFiltering - Using platform encoding (Cp1252 actually) to copy filtered resources, i.e. build is platform dependent!
2025-03-10 16:22:01,915 [Worker-40: Building] INFO  o.a.m.s.f.DefaultMavenResourcesFiltering - Copying 0 resource from src\main\resources to target\classes
2025-03-10 16:22:01,917 [Worker-40: Building] WARN  o.a.m.s.f.DefaultMavenResourcesFiltering - Using platform encoding (Cp1252 actually) to copy filtered resources, i.e. build is platform dependent!
2025-03-10 16:22:01,918 [Worker-40: Building] INFO  o.a.m.s.f.DefaultMavenResourcesFiltering - Copying 0 resource from src\test\resources to target\test-classes
2025-03-10 16:22:48,726 [Worker-43: Building] WARN  o.a.m.s.f.DefaultMavenResourcesFiltering - Using platform encoding (Cp1252 actually) to copy filtered resources, i.e. build is platform dependent!
2025-03-10 16:22:48,728 [Worker-43: Building] INFO  o.a.m.s.f.DefaultMavenResourcesFiltering - Copying 0 resource from src\main\resources to target\classes
2025-03-10 16:22:48,731 [Worker-43: Building] WARN  o.a.m.s.f.DefaultMavenResourcesFiltering - Using platform encoding (Cp1252 actually) to copy filtered resources, i.e. build is platform dependent!
2025-03-10 16:22:48,732 [Worker-43: Building] INFO  o.a.m.s.f.DefaultMavenResourcesFiltering - Copying 0 resource from src\test\resources to target\test-classes
2025-03-10 16:23:01,121 [Worker-43: Building] WARN  o.a.m.s.f.DefaultMavenResourcesFiltering - Using platform encoding (Cp1252 actually) to copy filtered resources, i.e. build is platform dependent!
2025-03-10 16:23:01,122 [Worker-43: Building] INFO  o.a.m.s.f.DefaultMavenResourcesFiltering - Copying 0 resource from src\main\resources to target\classes
2025-03-10 16:23:01,125 [Worker-43: Building] WARN  o.a.m.s.f.DefaultMavenResourcesFiltering - Using platform encoding (Cp1252 actually) to copy filtered resources, i.e. build is platform dependent!
2025-03-10 16:23:01,126 [Worker-43: Building] INFO  o.a.m.s.f.DefaultMavenResourcesFiltering - Copying 0 resource from src\test\resources to target\test-classes
2025-03-10 16:24:43,202 [Worker-40: Building] WARN  o.a.m.s.f.DefaultMavenResourcesFiltering - Using platform encoding (Cp1252 actually) to copy filtered resources, i.e. build is platform dependent!
2025-03-10 16:24:43,203 [Worker-40: Building] INFO  o.a.m.s.f.DefaultMavenResourcesFiltering - Copying 0 resource from src\main\resources to target\classes
2025-03-10 16:24:43,206 [Worker-40: Building] WARN  o.a.m.s.f.DefaultMavenResourcesFiltering - Using platform encoding (Cp1252 actually) to copy filtered resources, i.e. build is platform dependent!
2025-03-10 16:24:43,207 [Worker-40: Building] INFO  o.a.m.s.f.DefaultMavenResourcesFiltering - Copying 0 resource from src\test\resources to target\test-classes
2025-03-10 16:24:50,088 [Worker-47: Building] WARN  o.a.m.s.f.DefaultMavenResourcesFiltering - Using platform encoding (Cp1252 actually) to copy filtered resources, i.e. build is platform dependent!
2025-03-10 16:24:50,089 [Worker-47: Building] INFO  o.a.m.s.f.DefaultMavenResourcesFiltering - Copying 0 resource from src\main\resources to target\classes
2025-03-10 16:24:50,092 [Worker-47: Building] WARN  o.a.m.s.f.DefaultMavenResourcesFiltering - Using platform encoding (Cp1252 actually) to copy filtered resources, i.e. build is platform dependent!
2025-03-10 16:24:50,094 [Worker-47: Building] INFO  o.a.m.s.f.DefaultMavenResourcesFiltering - Copying 0 resource from src\test\resources to target\test-classes
2025-03-10 16:25:15,089 [Worker-43: Building] WARN  o.a.m.s.f.DefaultMavenResourcesFiltering - Using platform encoding (Cp1252 actually) to copy filtered resources, i.e. build is platform dependent!
2025-03-10 16:25:15,091 [Worker-43: Building] INFO  o.a.m.s.f.DefaultMavenResourcesFiltering - Copying 0 resource from src\main\resources to target\classes
2025-03-10 16:25:15,094 [Worker-43: Building] WARN  o.a.m.s.f.DefaultMavenResourcesFiltering - Using platform encoding (Cp1252 actually) to copy filtered resources, i.e. build is platform dependent!
2025-03-10 16:25:15,095 [Worker-43: Building] INFO  o.a.m.s.f.DefaultMavenResourcesFiltering - Copying 0 resource from src\test\resources to target\test-classes
2025-03-10 16:25:24,905 [Worker-43: Building] WARN  o.a.m.s.f.DefaultMavenResourcesFiltering - Using platform encoding (Cp1252 actually) to copy filtered resources, i.e. build is platform dependent!
2025-03-10 16:25:24,907 [Worker-43: Building] INFO  o.a.m.s.f.DefaultMavenResourcesFiltering - Copying 0 resource from src\main\resources to target\classes
2025-03-10 16:25:24,923 [Worker-43: Building] WARN  o.a.m.s.f.DefaultMavenResourcesFiltering - Using platform encoding (Cp1252 actually) to copy filtered resources, i.e. build is platform dependent!
2025-03-10 16:25:24,924 [Worker-43: Building] INFO  o.a.m.s.f.DefaultMavenResourcesFiltering - Copying 0 resource from src\test\resources to target\test-classes
2025-03-10 16:25:52,188 [Worker-40: Building] WARN  o.a.m.s.f.DefaultMavenResourcesFiltering - Using platform encoding (Cp1252 actually) to copy filtered resources, i.e. build is platform dependent!
2025-03-10 16:25:52,189 [Worker-40: Building] INFO  o.a.m.s.f.DefaultMavenResourcesFiltering - Copying 0 resource from src\main\resources to target\classes
2025-03-10 16:25:52,191 [Worker-40: Building] WARN  o.a.m.s.f.DefaultMavenResourcesFiltering - Using platform encoding (Cp1252 actually) to copy filtered resources, i.e. build is platform dependent!
2025-03-10 16:25:52,192 [Worker-40: Building] INFO  o.a.m.s.f.DefaultMavenResourcesFiltering - Copying 0 resource from src\test\resources to target\test-classes
2025-03-10 16:26:00,312 [Worker-43: Building] WARN  o.a.m.s.f.DefaultMavenResourcesFiltering - Using platform encoding (Cp1252 actually) to copy filtered resources, i.e. build is platform dependent!
2025-03-10 16:26:00,313 [Worker-43: Building] INFO  o.a.m.s.f.DefaultMavenResourcesFiltering - Copying 0 resource from src\main\resources to target\classes
2025-03-10 16:26:00,316 [Worker-43: Building] WARN  o.a.m.s.f.DefaultMavenResourcesFiltering - Using platform encoding (Cp1252 actually) to copy filtered resources, i.e. build is platform dependent!
2025-03-10 16:26:00,317 [Worker-43: Building] INFO  o.a.m.s.f.DefaultMavenResourcesFiltering - Copying 0 resource from src\test\resources to target\test-classes
2025-03-10 16:27:52,700 [Worker-43: Building] WARN  o.a.m.s.f.DefaultMavenResourcesFiltering - Using platform encoding (Cp1252 actually) to copy filtered resources, i.e. build is platform dependent!
2025-03-10 16:27:52,701 [Worker-43: Building] INFO  o.a.m.s.f.DefaultMavenResourcesFiltering - Copying 0 resource from src\main\resources to target\classes
2025-03-10 16:27:52,703 [Worker-43: Building] WARN  o.a.m.s.f.DefaultMavenResourcesFiltering - Using platform encoding (Cp1252 actually) to copy filtered resources, i.e. build is platform dependent!
2025-03-10 16:27:52,704 [Worker-43: Building] INFO  o.a.m.s.f.DefaultMavenResourcesFiltering - Copying 0 resource from src\test\resources to target\test-classes
2025-03-10 16:28:15,746 [Worker-50: Building] WARN  o.a.m.s.f.DefaultMavenResourcesFiltering - Using platform encoding (Cp1252 actually) to copy filtered resources, i.e. build is platform dependent!
2025-03-10 16:28:15,747 [Worker-50: Building] INFO  o.a.m.s.f.DefaultMavenResourcesFiltering - Copying 0 resource from src\main\resources to target\classes
2025-03-10 16:28:15,750 [Worker-50: Building] WARN  o.a.m.s.f.DefaultMavenResourcesFiltering - Using platform encoding (Cp1252 actually) to copy filtered resources, i.e. build is platform dependent!
2025-03-10 16:28:15,751 [Worker-50: Building] INFO  o.a.m.s.f.DefaultMavenResourcesFiltering - Copying 0 resource from src\test\resources to target\test-classes
2025-03-10 16:28:33,567 [Worker-50: Building] WARN  o.a.m.s.f.DefaultMavenResourcesFiltering - Using platform encoding (Cp1252 actually) to copy filtered resources, i.e. build is platform dependent!
2025-03-10 16:28:33,569 [Worker-50: Building] INFO  o.a.m.s.f.DefaultMavenResourcesFiltering - Copying 0 resource from src\main\resources to target\classes
2025-03-10 16:28:33,573 [Worker-50: Building] WARN  o.a.m.s.f.DefaultMavenResourcesFiltering - Using platform encoding (Cp1252 actually) to copy filtered resources, i.e. build is platform dependent!
2025-03-10 16:28:33,575 [Worker-50: Building] INFO  o.a.m.s.f.DefaultMavenResourcesFiltering - Copying 0 resource from src\test\resources to target\test-classes
2025-03-10 16:28:46,037 [Worker-49: Building] WARN  o.a.m.s.f.DefaultMavenResourcesFiltering - Using platform encoding (Cp1252 actually) to copy filtered resources, i.e. build is platform dependent!
2025-03-10 16:28:46,039 [Worker-49: Building] INFO  o.a.m.s.f.DefaultMavenResourcesFiltering - Copying 0 resource from src\main\resources to target\classes
2025-03-10 16:28:46,043 [Worker-49: Building] WARN  o.a.m.s.f.DefaultMavenResourcesFiltering - Using platform encoding (Cp1252 actually) to copy filtered resources, i.e. build is platform dependent!
2025-03-10 16:28:46,044 [Worker-49: Building] INFO  o.a.m.s.f.DefaultMavenResourcesFiltering - Copying 0 resource from src\test\resources to target\test-classes
2025-03-10 16:30:12,069 [Worker-50: Building] WARN  o.a.m.s.f.DefaultMavenResourcesFiltering - Using platform encoding (Cp1252 actually) to copy filtered resources, i.e. build is platform dependent!
2025-03-10 16:30:12,071 [Worker-50: Building] INFO  o.a.m.s.f.DefaultMavenResourcesFiltering - Copying 0 resource from src\main\resources to target\classes
2025-03-10 16:30:12,073 [Worker-50: Building] WARN  o.a.m.s.f.DefaultMavenResourcesFiltering - Using platform encoding (Cp1252 actually) to copy filtered resources, i.e. build is platform dependent!
2025-03-10 16:30:12,074 [Worker-50: Building] INFO  o.a.m.s.f.DefaultMavenResourcesFiltering - Copying 0 resource from src\test\resources to target\test-classes
2025-03-10 16:30:20,062 [Worker-40: Building] WARN  o.a.m.s.f.DefaultMavenResourcesFiltering - Using platform encoding (Cp1252 actually) to copy filtered resources, i.e. build is platform dependent!
2025-03-10 16:30:20,062 [Worker-40: Building] INFO  o.a.m.s.f.DefaultMavenResourcesFiltering - Copying 0 resource from src\main\resources to target\classes
2025-03-10 16:30:20,065 [Worker-40: Building] WARN  o.a.m.s.f.DefaultMavenResourcesFiltering - Using platform encoding (Cp1252 actually) to copy filtered resources, i.e. build is platform dependent!
2025-03-10 16:30:20,066 [Worker-40: Building] INFO  o.a.m.s.f.DefaultMavenResourcesFiltering - Copying 0 resource from src\test\resources to target\test-classes
2025-03-10 16:31:20,587 [Worker-43: Building] WARN  o.a.m.s.f.DefaultMavenResourcesFiltering - Using platform encoding (Cp1252 actually) to copy filtered resources, i.e. build is platform dependent!
2025-03-10 16:31:20,588 [Worker-43: Building] INFO  o.a.m.s.f.DefaultMavenResourcesFiltering - Copying 0 resource from src\main\resources to target\classes
2025-03-10 16:31:20,592 [Worker-43: Building] WARN  o.a.m.s.f.DefaultMavenResourcesFiltering - Using platform encoding (Cp1252 actually) to copy filtered resources, i.e. build is platform dependent!
2025-03-10 16:31:20,593 [Worker-43: Building] INFO  o.a.m.s.f.DefaultMavenResourcesFiltering - Copying 0 resource from src\test\resources to target\test-classes
2025-03-10 16:31:33,454 [Worker-43: Building] WARN  o.a.m.s.f.DefaultMavenResourcesFiltering - Using platform encoding (Cp1252 actually) to copy filtered resources, i.e. build is platform dependent!
2025-03-10 16:31:33,455 [Worker-43: Building] INFO  o.a.m.s.f.DefaultMavenResourcesFiltering - Copying 0 resource from src\main\resources to target\classes
2025-03-10 16:31:33,459 [Worker-43: Building] WARN  o.a.m.s.f.DefaultMavenResourcesFiltering - Using platform encoding (Cp1252 actually) to copy filtered resources, i.e. build is platform dependent!
2025-03-10 16:31:33,460 [Worker-43: Building] INFO  o.a.m.s.f.DefaultMavenResourcesFiltering - Copying 0 resource from src\test\resources to target\test-classes
2025-03-10 16:32:23,537 [Worker-43: Building] WARN  o.a.m.s.f.DefaultMavenResourcesFiltering - Using platform encoding (Cp1252 actually) to copy filtered resources, i.e. build is platform dependent!
2025-03-10 16:32:23,538 [Worker-43: Building] INFO  o.a.m.s.f.DefaultMavenResourcesFiltering - Copying 0 resource from src\main\resources to target\classes
2025-03-10 16:32:23,541 [Worker-43: Building] WARN  o.a.m.s.f.DefaultMavenResourcesFiltering - Using platform encoding (Cp1252 actually) to copy filtered resources, i.e. build is platform dependent!
2025-03-10 16:32:23,542 [Worker-43: Building] INFO  o.a.m.s.f.DefaultMavenResourcesFiltering - Copying 0 resource from src\test\resources to target\test-classes
2025-03-10 16:32:30,550 [Worker-40: Building] WARN  o.a.m.s.f.DefaultMavenResourcesFiltering - Using platform encoding (Cp1252 actually) to copy filtered resources, i.e. build is platform dependent!
2025-03-10 16:32:30,551 [Worker-40: Building] INFO  o.a.m.s.f.DefaultMavenResourcesFiltering - Copying 0 resource from src\main\resources to target\classes
2025-03-10 16:32:30,554 [Worker-40: Building] WARN  o.a.m.s.f.DefaultMavenResourcesFiltering - Using platform encoding (Cp1252 actually) to copy filtered resources, i.e. build is platform dependent!
2025-03-10 16:32:30,555 [Worker-40: Building] INFO  o.a.m.s.f.DefaultMavenResourcesFiltering - Copying 0 resource from src\test\resources to target\test-classes
2025-03-10 16:35:30,423 [Worker-43: Building] WARN  o.a.m.s.f.DefaultMavenResourcesFiltering - Using platform encoding (Cp1252 actually) to copy filtered resources, i.e. build is platform dependent!
2025-03-10 16:35:30,424 [Worker-43: Building] INFO  o.a.m.s.f.DefaultMavenResourcesFiltering - Copying 0 resource from src\main\resources to target\classes
2025-03-10 16:35:30,427 [Worker-43: Building] WARN  o.a.m.s.f.DefaultMavenResourcesFiltering - Using platform encoding (Cp1252 actually) to copy filtered resources, i.e. build is platform dependent!
2025-03-10 16:35:30,428 [Worker-43: Building] INFO  o.a.m.s.f.DefaultMavenResourcesFiltering - Copying 0 resource from src\test\resources to target\test-classes
2025-03-10 16:37:06,932 [Worker-53: Building] WARN  o.a.m.s.f.DefaultMavenResourcesFiltering - Using platform encoding (Cp1252 actually) to copy filtered resources, i.e. build is platform dependent!
2025-03-10 16:37:06,933 [Worker-53: Building] INFO  o.a.m.s.f.DefaultMavenResourcesFiltering - Copying 0 resource from src\main\resources to target\classes
2025-03-10 16:37:06,937 [Worker-53: Building] WARN  o.a.m.s.f.DefaultMavenResourcesFiltering - Using platform encoding (Cp1252 actually) to copy filtered resources, i.e. build is platform dependent!
2025-03-10 16:37:06,938 [Worker-53: Building] INFO  o.a.m.s.f.DefaultMavenResourcesFiltering - Copying 0 resource from src\test\resources to target\test-classes
2025-03-10 16:37:24,633 [Worker-50: Building] WARN  o.a.m.s.f.DefaultMavenResourcesFiltering - Using platform encoding (Cp1252 actually) to copy filtered resources, i.e. build is platform dependent!
2025-03-10 16:37:24,635 [Worker-50: Building] INFO  o.a.m.s.f.DefaultMavenResourcesFiltering - Copying 0 resource from src\main\resources to target\classes
2025-03-10 16:37:24,642 [Worker-50: Building] WARN  o.a.m.s.f.DefaultMavenResourcesFiltering - Using platform encoding (Cp1252 actually) to copy filtered resources, i.e. build is platform dependent!
2025-03-10 16:37:24,643 [Worker-50: Building] INFO  o.a.m.s.f.DefaultMavenResourcesFiltering - Copying 0 resource from src\test\resources to target\test-classes
2025-03-10 16:37:37,360 [Worker-53: Building] WARN  o.a.m.s.f.DefaultMavenResourcesFiltering - Using platform encoding (Cp1252 actually) to copy filtered resources, i.e. build is platform dependent!
2025-03-10 16:37:37,361 [Worker-53: Building] INFO  o.a.m.s.f.DefaultMavenResourcesFiltering - Copying 0 resource from src\main\resources to target\classes
2025-03-10 16:37:37,363 [Worker-53: Building] WARN  o.a.m.s.f.DefaultMavenResourcesFiltering - Using platform encoding (Cp1252 actually) to copy filtered resources, i.e. build is platform dependent!
2025-03-10 16:37:37,364 [Worker-53: Building] INFO  o.a.m.s.f.DefaultMavenResourcesFiltering - Copying 0 resource from src\test\resources to target\test-classes
2025-03-10 16:37:45,595 [Worker-49: Building] WARN  o.a.m.s.f.DefaultMavenResourcesFiltering - Using platform encoding (Cp1252 actually) to copy filtered resources, i.e. build is platform dependent!
2025-03-10 16:37:45,597 [Worker-49: Building] INFO  o.a.m.s.f.DefaultMavenResourcesFiltering - Copying 0 resource from src\main\resources to target\classes
2025-03-10 16:37:45,600 [Worker-49: Building] WARN  o.a.m.s.f.DefaultMavenResourcesFiltering - Using platform encoding (Cp1252 actually) to copy filtered resources, i.e. build is platform dependent!
2025-03-10 16:37:45,601 [Worker-49: Building] INFO  o.a.m.s.f.DefaultMavenResourcesFiltering - Copying 0 resource from src\test\resources to target\test-classes
2025-03-10 16:38:09,914 [Worker-54: Building] WARN  o.a.m.s.f.DefaultMavenResourcesFiltering - Using platform encoding (Cp1252 actually) to copy filtered resources, i.e. build is platform dependent!
2025-03-10 16:38:09,915 [Worker-54: Building] INFO  o.a.m.s.f.DefaultMavenResourcesFiltering - Copying 0 resource from src\main\resources to target\classes
2025-03-10 16:38:09,917 [Worker-54: Building] WARN  o.a.m.s.f.DefaultMavenResourcesFiltering - Using platform encoding (Cp1252 actually) to copy filtered resources, i.e. build is platform dependent!
2025-03-10 16:38:09,918 [Worker-54: Building] INFO  o.a.m.s.f.DefaultMavenResourcesFiltering - Copying 0 resource from src\test\resources to target\test-classes
2025-03-10 16:38:45,605 [Worker-49: Building] WARN  o.a.m.s.f.DefaultMavenResourcesFiltering - Using platform encoding (Cp1252 actually) to copy filtered resources, i.e. build is platform dependent!
2025-03-10 16:38:45,606 [Worker-49: Building] INFO  o.a.m.s.f.DefaultMavenResourcesFiltering - Copying 0 resource from src\main\resources to target\classes
2025-03-10 16:38:45,608 [Worker-49: Building] WARN  o.a.m.s.f.DefaultMavenResourcesFiltering - Using platform encoding (Cp1252 actually) to copy filtered resources, i.e. build is platform dependent!
2025-03-10 16:38:45,609 [Worker-49: Building] INFO  o.a.m.s.f.DefaultMavenResourcesFiltering - Copying 0 resource from src\test\resources to target\test-classes
2025-03-10 16:38:59,362 [Worker-54: Building] WARN  o.a.m.s.f.DefaultMavenResourcesFiltering - Using platform encoding (Cp1252 actually) to copy filtered resources, i.e. build is platform dependent!
2025-03-10 16:38:59,363 [Worker-54: Building] INFO  o.a.m.s.f.DefaultMavenResourcesFiltering - Copying 0 resource from src\main\resources to target\classes
2025-03-10 16:38:59,365 [Worker-54: Building] WARN  o.a.m.s.f.DefaultMavenResourcesFiltering - Using platform encoding (Cp1252 actually) to copy filtered resources, i.e. build is platform dependent!
2025-03-10 16:38:59,366 [Worker-54: Building] INFO  o.a.m.s.f.DefaultMavenResourcesFiltering - Copying 0 resource from src\test\resources to target\test-classes
2025-03-10 16:39:15,570 [Worker-53: Building] WARN  o.a.m.s.f.DefaultMavenResourcesFiltering - Using platform encoding (Cp1252 actually) to copy filtered resources, i.e. build is platform dependent!
2025-03-10 16:39:15,571 [Worker-53: Building] INFO  o.a.m.s.f.DefaultMavenResourcesFiltering - Copying 0 resource from src\main\resources to target\classes
2025-03-10 16:39:15,574 [Worker-53: Building] WARN  o.a.m.s.f.DefaultMavenResourcesFiltering - Using platform encoding (Cp1252 actually) to copy filtered resources, i.e. build is platform dependent!
2025-03-10 16:39:15,575 [Worker-53: Building] INFO  o.a.m.s.f.DefaultMavenResourcesFiltering - Copying 0 resource from src\test\resources to target\test-classes
2025-03-10 16:39:35,605 [Worker-53: Building] WARN  o.a.m.s.f.DefaultMavenResourcesFiltering - Using platform encoding (Cp1252 actually) to copy filtered resources, i.e. build is platform dependent!
2025-03-10 16:39:35,606 [Worker-53: Building] INFO  o.a.m.s.f.DefaultMavenResourcesFiltering - Copying 0 resource from src\main\resources to target\classes
2025-03-10 16:39:35,610 [Worker-53: Building] WARN  o.a.m.s.f.DefaultMavenResourcesFiltering - Using platform encoding (Cp1252 actually) to copy filtered resources, i.e. build is platform dependent!
2025-03-10 16:39:35,611 [Worker-53: Building] INFO  o.a.m.s.f.DefaultMavenResourcesFiltering - Copying 0 resource from src\test\resources to target\test-classes
2025-03-10 16:40:32,166 [Worker-43: Building] WARN  o.a.m.s.f.DefaultMavenResourcesFiltering - Using platform encoding (Cp1252 actually) to copy filtered resources, i.e. build is platform dependent!
2025-03-10 16:40:32,168 [Worker-43: Building] INFO  o.a.m.s.f.DefaultMavenResourcesFiltering - Copying 0 resource from src\main\resources to target\classes
2025-03-10 16:40:32,172 [Worker-43: Building] WARN  o.a.m.s.f.DefaultMavenResourcesFiltering - Using platform encoding (Cp1252 actually) to copy filtered resources, i.e. build is platform dependent!
2025-03-10 16:40:32,173 [Worker-43: Building] INFO  o.a.m.s.f.DefaultMavenResourcesFiltering - Copying 0 resource from src\test\resources to target\test-classes
2025-03-10 16:41:10,585 [Worker-49: Building] WARN  o.a.m.s.f.DefaultMavenResourcesFiltering - Using platform encoding (Cp1252 actually) to copy filtered resources, i.e. build is platform dependent!
2025-03-10 16:41:10,586 [Worker-49: Building] INFO  o.a.m.s.f.DefaultMavenResourcesFiltering - Copying 0 resource from src\main\resources to target\classes
2025-03-10 16:41:10,590 [Worker-49: Building] WARN  o.a.m.s.f.DefaultMavenResourcesFiltering - Using platform encoding (Cp1252 actually) to copy filtered resources, i.e. build is platform dependent!
2025-03-10 16:41:10,591 [Worker-49: Building] INFO  o.a.m.s.f.DefaultMavenResourcesFiltering - Copying 0 resource from src\test\resources to target\test-classes
2025-03-10 16:41:44,191 [Worker-53: Building] WARN  o.a.m.s.f.DefaultMavenResourcesFiltering - Using platform encoding (Cp1252 actually) to copy filtered resources, i.e. build is platform dependent!
2025-03-10 16:41:44,192 [Worker-53: Building] INFO  o.a.m.s.f.DefaultMavenResourcesFiltering - Copying 0 resource from src\main\resources to target\classes
2025-03-10 16:41:44,194 [Worker-53: Building] WARN  o.a.m.s.f.DefaultMavenResourcesFiltering - Using platform encoding (Cp1252 actually) to copy filtered resources, i.e. build is platform dependent!
2025-03-10 16:41:44,195 [Worker-53: Building] INFO  o.a.m.s.f.DefaultMavenResourcesFiltering - Copying 0 resource from src\test\resources to target\test-classes
2025-03-10 16:42:22,408 [Worker-54: Building] WARN  o.a.m.s.f.DefaultMavenResourcesFiltering - Using platform encoding (Cp1252 actually) to copy filtered resources, i.e. build is platform dependent!
2025-03-10 16:42:22,409 [Worker-54: Building] INFO  o.a.m.s.f.DefaultMavenResourcesFiltering - Copying 0 resource from src\main\resources to target\classes
2025-03-10 16:42:22,410 [Worker-54: Building] WARN  o.a.m.s.f.DefaultMavenResourcesFiltering - Using platform encoding (Cp1252 actually) to copy filtered resources, i.e. build is platform dependent!
2025-03-10 16:42:22,411 [Worker-54: Building] INFO  o.a.m.s.f.DefaultMavenResourcesFiltering - Copying 0 resource from src\test\resources to target\test-classes
2025-03-10 16:42:29,210 [Worker-49: Building] WARN  o.a.m.s.f.DefaultMavenResourcesFiltering - Using platform encoding (Cp1252 actually) to copy filtered resources, i.e. build is platform dependent!
2025-03-10 16:42:29,211 [Worker-49: Building] INFO  o.a.m.s.f.DefaultMavenResourcesFiltering - Copying 0 resource from src\main\resources to target\classes
2025-03-10 16:42:29,213 [Worker-49: Building] WARN  o.a.m.s.f.DefaultMavenResourcesFiltering - Using platform encoding (Cp1252 actually) to copy filtered resources, i.e. build is platform dependent!
2025-03-10 16:42:29,214 [Worker-49: Building] INFO  o.a.m.s.f.DefaultMavenResourcesFiltering - Copying 0 resource from src\test\resources to target\test-classes
2025-03-10 16:42:52,467 [Worker-43: Building] WARN  o.a.m.s.f.DefaultMavenResourcesFiltering - Using platform encoding (Cp1252 actually) to copy filtered resources, i.e. build is platform dependent!
2025-03-10 16:42:52,469 [Worker-43: Building] INFO  o.a.m.s.f.DefaultMavenResourcesFiltering - Copying 0 resource from src\main\resources to target\classes
2025-03-10 16:42:52,471 [Worker-43: Building] WARN  o.a.m.s.f.DefaultMavenResourcesFiltering - Using platform encoding (Cp1252 actually) to copy filtered resources, i.e. build is platform dependent!
2025-03-10 16:42:52,472 [Worker-43: Building] INFO  o.a.m.s.f.DefaultMavenResourcesFiltering - Copying 0 resource from src\test\resources to target\test-classes
2025-03-10 16:42:56,705 [Worker-43: Building] WARN  o.a.m.s.f.DefaultMavenResourcesFiltering - Using platform encoding (Cp1252 actually) to copy filtered resources, i.e. build is platform dependent!
2025-03-10 16:42:56,706 [Worker-43: Building] INFO  o.a.m.s.f.DefaultMavenResourcesFiltering - Copying 0 resource from src\main\resources to target\classes
2025-03-10 16:42:56,707 [Worker-43: Building] WARN  o.a.m.s.f.DefaultMavenResourcesFiltering - Using platform encoding (Cp1252 actually) to copy filtered resources, i.e. build is platform dependent!
2025-03-10 16:42:56,708 [Worker-43: Building] INFO  o.a.m.s.f.DefaultMavenResourcesFiltering - Copying 0 resource from src\test\resources to target\test-classes
2025-03-10 16:43:07,737 [Worker-49: Building] WARN  o.a.m.s.f.DefaultMavenResourcesFiltering - Using platform encoding (Cp1252 actually) to copy filtered resources, i.e. build is platform dependent!
2025-03-10 16:43:07,738 [Worker-49: Building] INFO  o.a.m.s.f.DefaultMavenResourcesFiltering - Copying 0 resource from src\main\resources to target\classes
2025-03-10 16:43:07,741 [Worker-49: Building] WARN  o.a.m.s.f.DefaultMavenResourcesFiltering - Using platform encoding (Cp1252 actually) to copy filtered resources, i.e. build is platform dependent!
2025-03-10 16:43:07,743 [Worker-49: Building] INFO  o.a.m.s.f.DefaultMavenResourcesFiltering - Copying 0 resource from src\test\resources to target\test-classes
2025-03-10 16:43:17,894 [Worker-54: Building] WARN  o.a.m.s.f.DefaultMavenResourcesFiltering - Using platform encoding (Cp1252 actually) to copy filtered resources, i.e. build is platform dependent!
2025-03-10 16:43:17,897 [Worker-54: Building] INFO  o.a.m.s.f.DefaultMavenResourcesFiltering - Copying 0 resource from src\main\resources to target\classes
2025-03-10 16:43:17,899 [Worker-54: Building] WARN  o.a.m.s.f.DefaultMavenResourcesFiltering - Using platform encoding (Cp1252 actually) to copy filtered resources, i.e. build is platform dependent!
2025-03-10 16:43:17,900 [Worker-54: Building] INFO  o.a.m.s.f.DefaultMavenResourcesFiltering - Copying 0 resource from src\test\resources to target\test-classes
2025-03-10 16:43:24,714 [Worker-52: Building] WARN  o.a.m.s.f.DefaultMavenResourcesFiltering - Using platform encoding (Cp1252 actually) to copy filtered resources, i.e. build is platform dependent!
2025-03-10 16:43:24,715 [Worker-52: Building] INFO  o.a.m.s.f.DefaultMavenResourcesFiltering - Copying 0 resource from src\main\resources to target\classes
2025-03-10 16:43:24,717 [Worker-52: Building] WARN  o.a.m.s.f.DefaultMavenResourcesFiltering - Using platform encoding (Cp1252 actually) to copy filtered resources, i.e. build is platform dependent!
2025-03-10 16:43:24,718 [Worker-52: Building] INFO  o.a.m.s.f.DefaultMavenResourcesFiltering - Copying 0 resource from src\test\resources to target\test-classes
2025-03-10 16:43:33,971 [Worker-49: Building] WARN  o.a.m.s.f.DefaultMavenResourcesFiltering - Using platform encoding (Cp1252 actually) to copy filtered resources, i.e. build is platform dependent!
2025-03-10 16:43:33,972 [Worker-49: Building] INFO  o.a.m.s.f.DefaultMavenResourcesFiltering - Copying 0 resource from src\main\resources to target\classes
2025-03-10 16:43:33,976 [Worker-49: Building] WARN  o.a.m.s.f.DefaultMavenResourcesFiltering - Using platform encoding (Cp1252 actually) to copy filtered resources, i.e. build is platform dependent!
2025-03-10 16:43:33,977 [Worker-49: Building] INFO  o.a.m.s.f.DefaultMavenResourcesFiltering - Copying 0 resource from src\test\resources to target\test-classes
2025-03-10 16:44:01,857 [Worker-55: Building] WARN  o.a.m.s.f.DefaultMavenResourcesFiltering - Using platform encoding (Cp1252 actually) to copy filtered resources, i.e. build is platform dependent!
2025-03-10 16:44:01,858 [Worker-55: Building] INFO  o.a.m.s.f.DefaultMavenResourcesFiltering - Copying 0 resource from src\main\resources to target\classes
2025-03-10 16:44:01,860 [Worker-55: Building] WARN  o.a.m.s.f.DefaultMavenResourcesFiltering - Using platform encoding (Cp1252 actually) to copy filtered resources, i.e. build is platform dependent!
2025-03-10 16:44:01,861 [Worker-55: Building] INFO  o.a.m.s.f.DefaultMavenResourcesFiltering - Copying 0 resource from src\test\resources to target\test-classes
2025-03-10 16:44:24,641 [Worker-55: Building] WARN  o.a.m.s.f.DefaultMavenResourcesFiltering - Using platform encoding (Cp1252 actually) to copy filtered resources, i.e. build is platform dependent!
2025-03-10 16:44:24,643 [Worker-55: Building] INFO  o.a.m.s.f.DefaultMavenResourcesFiltering - Copying 0 resource from src\main\resources to target\classes
2025-03-10 16:44:24,646 [Worker-55: Building] WARN  o.a.m.s.f.DefaultMavenResourcesFiltering - Using platform encoding (Cp1252 actually) to copy filtered resources, i.e. build is platform dependent!
2025-03-10 16:44:24,646 [Worker-55: Building] INFO  o.a.m.s.f.DefaultMavenResourcesFiltering - Copying 0 resource from src\test\resources to target\test-classes
2025-03-10 16:44:48,514 [Worker-43: Building] WARN  o.a.m.s.f.DefaultMavenResourcesFiltering - Using platform encoding (Cp1252 actually) to copy filtered resources, i.e. build is platform dependent!
2025-03-10 16:44:48,517 [Worker-43: Building] INFO  o.a.m.s.f.DefaultMavenResourcesFiltering - Copying 0 resource from src\main\resources to target\classes
2025-03-10 16:44:48,520 [Worker-43: Building] WARN  o.a.m.s.f.DefaultMavenResourcesFiltering - Using platform encoding (Cp1252 actually) to copy filtered resources, i.e. build is platform dependent!
2025-03-10 16:44:48,521 [Worker-43: Building] INFO  o.a.m.s.f.DefaultMavenResourcesFiltering - Copying 0 resource from src\test\resources to target\test-classes
2025-03-10 16:52:31,534 [Worker-57: Building] WARN  o.a.m.s.f.DefaultMavenResourcesFiltering - Using platform encoding (Cp1252 actually) to copy filtered resources, i.e. build is platform dependent!
2025-03-10 16:52:31,538 [Worker-57: Building] INFO  o.a.m.s.f.DefaultMavenResourcesFiltering - Copying 0 resource from src\main\resources to target\classes
2025-03-10 16:52:31,540 [Worker-57: Building] WARN  o.a.m.s.f.DefaultMavenResourcesFiltering - Using platform encoding (Cp1252 actually) to copy filtered resources, i.e. build is platform dependent!
2025-03-10 16:52:31,545 [Worker-57: Building] INFO  o.a.m.s.f.DefaultMavenResourcesFiltering - Copying 0 resource from src\test\resources to target\test-classes
2025-03-10 16:53:19,882 [Worker-56: Building] WARN  o.a.m.s.f.DefaultMavenResourcesFiltering - Using platform encoding (Cp1252 actually) to copy filtered resources, i.e. build is platform dependent!
2025-03-10 16:53:19,883 [Worker-56: Building] INFO  o.a.m.s.f.DefaultMavenResourcesFiltering - Copying 0 resource from src\main\resources to target\classes
2025-03-10 16:53:19,884 [Worker-56: Building] WARN  o.a.m.s.f.DefaultMavenResourcesFiltering - Using platform encoding (Cp1252 actually) to copy filtered resources, i.e. build is platform dependent!
2025-03-10 16:53:19,885 [Worker-56: Building] INFO  o.a.m.s.f.DefaultMavenResourcesFiltering - Copying 0 resource from src\test\resources to target\test-classes
2025-03-10 16:53:29,969 [Worker-49: Building] WARN  o.a.m.s.f.DefaultMavenResourcesFiltering - Using platform encoding (Cp1252 actually) to copy filtered resources, i.e. build is platform dependent!
2025-03-10 16:53:29,970 [Worker-49: Building] INFO  o.a.m.s.f.DefaultMavenResourcesFiltering - Copying 0 resource from src\main\resources to target\classes
2025-03-10 16:53:29,972 [Worker-49: Building] WARN  o.a.m.s.f.DefaultMavenResourcesFiltering - Using platform encoding (Cp1252 actually) to copy filtered resources, i.e. build is platform dependent!
2025-03-10 16:53:29,973 [Worker-49: Building] INFO  o.a.m.s.f.DefaultMavenResourcesFiltering - Copying 0 resource from src\test\resources to target\test-classes
2025-03-10 16:53:37,685 [Worker-58: Building] WARN  o.a.m.s.f.DefaultMavenResourcesFiltering - Using platform encoding (Cp1252 actually) to copy filtered resources, i.e. build is platform dependent!
2025-03-10 16:53:37,685 [Worker-58: Building] INFO  o.a.m.s.f.DefaultMavenResourcesFiltering - Copying 0 resource from src\main\resources to target\classes
2025-03-10 16:53:37,690 [Worker-58: Building] WARN  o.a.m.s.f.DefaultMavenResourcesFiltering - Using platform encoding (Cp1252 actually) to copy filtered resources, i.e. build is platform dependent!
2025-03-10 16:53:37,692 [Worker-58: Building] INFO  o.a.m.s.f.DefaultMavenResourcesFiltering - Copying 0 resource from src\test\resources to target\test-classes
2025-03-10 16:53:44,878 [Worker-49: Building] WARN  o.a.m.s.f.DefaultMavenResourcesFiltering - Using platform encoding (Cp1252 actually) to copy filtered resources, i.e. build is platform dependent!
2025-03-10 16:53:44,882 [Worker-49: Building] INFO  o.a.m.s.f.DefaultMavenResourcesFiltering - Copying 0 resource from src\main\resources to target\classes
2025-03-10 16:53:44,886 [Worker-49: Building] WARN  o.a.m.s.f.DefaultMavenResourcesFiltering - Using platform encoding (Cp1252 actually) to copy filtered resources, i.e. build is platform dependent!
2025-03-10 16:53:44,887 [Worker-49: Building] INFO  o.a.m.s.f.DefaultMavenResourcesFiltering - Copying 0 resource from src\test\resources to target\test-classes
2025-03-10 16:58:35,678 [Worker-60: Building] WARN  o.a.m.s.f.DefaultMavenResourcesFiltering - Using platform encoding (Cp1252 actually) to copy filtered resources, i.e. build is platform dependent!
2025-03-10 16:58:35,680 [Worker-60: Building] INFO  o.a.m.s.f.DefaultMavenResourcesFiltering - Copying 0 resource from src\main\resources to target\classes
2025-03-10 16:58:35,682 [Worker-60: Building] WARN  o.a.m.s.f.DefaultMavenResourcesFiltering - Using platform encoding (Cp1252 actually) to copy filtered resources, i.e. build is platform dependent!
2025-03-10 16:58:35,683 [Worker-60: Building] INFO  o.a.m.s.f.DefaultMavenResourcesFiltering - Copying 0 resource from src\test\resources to target\test-classes
2025-03-10 17:01:06,380 [Worker-62: Building] WARN  o.a.m.s.f.DefaultMavenResourcesFiltering - Using platform encoding (Cp1252 actually) to copy filtered resources, i.e. build is platform dependent!
2025-03-10 17:01:06,380 [Worker-62: Building] INFO  o.a.m.s.f.DefaultMavenResourcesFiltering - Copying 0 resource from src\main\resources to target\classes
2025-03-10 17:01:06,382 [Worker-62: Building] WARN  o.a.m.s.f.DefaultMavenResourcesFiltering - Using platform encoding (Cp1252 actually) to copy filtered resources, i.e. build is platform dependent!
2025-03-10 17:01:06,383 [Worker-62: Building] INFO  o.a.m.s.f.DefaultMavenResourcesFiltering - Copying 0 resource from src\test\resources to target\test-classes
2025-03-10 17:01:18,122 [Worker-60: Building] WARN  o.a.m.s.f.DefaultMavenResourcesFiltering - Using platform encoding (Cp1252 actually) to copy filtered resources, i.e. build is platform dependent!
2025-03-10 17:01:18,124 [Worker-60: Building] INFO  o.a.m.s.f.DefaultMavenResourcesFiltering - Copying 0 resource from src\main\resources to target\classes
2025-03-10 17:01:18,128 [Worker-60: Building] WARN  o.a.m.s.f.DefaultMavenResourcesFiltering - Using platform encoding (Cp1252 actually) to copy filtered resources, i.e. build is platform dependent!
2025-03-10 17:01:18,130 [Worker-60: Building] INFO  o.a.m.s.f.DefaultMavenResourcesFiltering - Copying 0 resource from src\test\resources to target\test-classes
2025-03-10 17:01:33,137 [Worker-60: Building] WARN  o.a.m.s.f.DefaultMavenResourcesFiltering - Using platform encoding (Cp1252 actually) to copy filtered resources, i.e. build is platform dependent!
2025-03-10 17:01:33,142 [Worker-60: Building] INFO  o.a.m.s.f.DefaultMavenResourcesFiltering - Copying 0 resource from src\main\resources to target\classes
2025-03-10 17:01:33,145 [Worker-60: Building] WARN  o.a.m.s.f.DefaultMavenResourcesFiltering - Using platform encoding (Cp1252 actually) to copy filtered resources, i.e. build is platform dependent!
2025-03-10 17:01:33,146 [Worker-60: Building] INFO  o.a.m.s.f.DefaultMavenResourcesFiltering - Copying 0 resource from src\test\resources to target\test-classes
2025-03-10 17:01:48,874 [Worker-64: Building] WARN  o.a.m.s.f.DefaultMavenResourcesFiltering - Using platform encoding (Cp1252 actually) to copy filtered resources, i.e. build is platform dependent!
2025-03-10 17:01:48,875 [Worker-64: Building] INFO  o.a.m.s.f.DefaultMavenResourcesFiltering - Copying 0 resource from src\main\resources to target\classes
2025-03-10 17:01:48,876 [Worker-64: Building] WARN  o.a.m.s.f.DefaultMavenResourcesFiltering - Using platform encoding (Cp1252 actually) to copy filtered resources, i.e. build is platform dependent!
2025-03-10 17:01:48,877 [Worker-64: Building] INFO  o.a.m.s.f.DefaultMavenResourcesFiltering - Copying 0 resource from src\test\resources to target\test-classes
2025-03-10 17:02:52,421 [Worker-52: Building] WARN  o.a.m.s.f.DefaultMavenResourcesFiltering - Using platform encoding (Cp1252 actually) to copy filtered resources, i.e. build is platform dependent!
2025-03-10 17:02:52,422 [Worker-52: Building] INFO  o.a.m.s.f.DefaultMavenResourcesFiltering - Copying 0 resource from src\main\resources to target\classes
2025-03-10 17:02:52,424 [Worker-52: Building] WARN  o.a.m.s.f.DefaultMavenResourcesFiltering - Using platform encoding (Cp1252 actually) to copy filtered resources, i.e. build is platform dependent!
2025-03-10 17:02:52,425 [Worker-52: Building] INFO  o.a.m.s.f.DefaultMavenResourcesFiltering - Copying 0 resource from src\test\resources to target\test-classes
2025-03-10 17:06:21,396 [Worker-65: Building] WARN  o.a.m.s.f.DefaultMavenResourcesFiltering - Using platform encoding (Cp1252 actually) to copy filtered resources, i.e. build is platform dependent!
2025-03-10 17:06:21,397 [Worker-65: Building] INFO  o.a.m.s.f.DefaultMavenResourcesFiltering - Copying 0 resource from src\main\resources to target\classes
2025-03-10 17:06:21,399 [Worker-65: Building] WARN  o.a.m.s.f.DefaultMavenResourcesFiltering - Using platform encoding (Cp1252 actually) to copy filtered resources, i.e. build is platform dependent!
2025-03-10 17:06:21,400 [Worker-65: Building] INFO  o.a.m.s.f.DefaultMavenResourcesFiltering - Copying 0 resource from src\test\resources to target\test-classes
2025-03-10 17:07:11,529 [Worker-68: Building] WARN  o.a.m.s.f.DefaultMavenResourcesFiltering - Using platform encoding (Cp1252 actually) to copy filtered resources, i.e. build is platform dependent!
2025-03-10 17:07:11,530 [Worker-68: Building] INFO  o.a.m.s.f.DefaultMavenResourcesFiltering - Copying 0 resource from src\main\resources to target\classes
2025-03-10 17:07:11,531 [Worker-68: Building] WARN  o.a.m.s.f.DefaultMavenResourcesFiltering - Using platform encoding (Cp1252 actually) to copy filtered resources, i.e. build is platform dependent!
2025-03-10 17:07:11,534 [Worker-68: Building] INFO  o.a.m.s.f.DefaultMavenResourcesFiltering - Copying 0 resource from src\test\resources to target\test-classes
2025-03-10 17:07:20,895 [Worker-52: Building] WARN  o.a.m.s.f.DefaultMavenResourcesFiltering - Using platform encoding (Cp1252 actually) to copy filtered resources, i.e. build is platform dependent!
2025-03-10 17:07:20,896 [Worker-52: Building] INFO  o.a.m.s.f.DefaultMavenResourcesFiltering - Copying 0 resource from src\main\resources to target\classes
2025-03-10 17:07:20,899 [Worker-52: Building] WARN  o.a.m.s.f.DefaultMavenResourcesFiltering - Using platform encoding (Cp1252 actually) to copy filtered resources, i.e. build is platform dependent!
2025-03-10 17:07:20,900 [Worker-52: Building] INFO  o.a.m.s.f.DefaultMavenResourcesFiltering - Copying 0 resource from src\test\resources to target\test-classes
2025-03-10 17:07:40,912 [Worker-68: Building] WARN  o.a.m.s.f.DefaultMavenResourcesFiltering - Using platform encoding (Cp1252 actually) to copy filtered resources, i.e. build is platform dependent!
2025-03-10 17:07:40,915 [Worker-68: Building] INFO  o.a.m.s.f.DefaultMavenResourcesFiltering - Copying 0 resource from src\main\resources to target\classes
2025-03-10 17:07:40,917 [Worker-68: Building] WARN  o.a.m.s.f.DefaultMavenResourcesFiltering - Using platform encoding (Cp1252 actually) to copy filtered resources, i.e. build is platform dependent!
2025-03-10 17:07:40,918 [Worker-68: Building] INFO  o.a.m.s.f.DefaultMavenResourcesFiltering - Copying 0 resource from src\test\resources to target\test-classes
2025-03-10 17:09:44,890 [Worker-66: Building] WARN  o.a.m.s.f.DefaultMavenResourcesFiltering - Using platform encoding (Cp1252 actually) to copy filtered resources, i.e. build is platform dependent!
2025-03-10 17:09:44,891 [Worker-66: Building] INFO  o.a.m.s.f.DefaultMavenResourcesFiltering - Copying 0 resource from src\main\resources to target\classes
2025-03-10 17:09:44,893 [Worker-66: Building] WARN  o.a.m.s.f.DefaultMavenResourcesFiltering - Using platform encoding (Cp1252 actually) to copy filtered resources, i.e. build is platform dependent!
2025-03-10 17:09:44,895 [Worker-66: Building] INFO  o.a.m.s.f.DefaultMavenResourcesFiltering - Copying 0 resource from src\test\resources to target\test-classes
2025-03-10 17:09:58,871 [Worker-70: Building] WARN  o.a.m.s.f.DefaultMavenResourcesFiltering - Using platform encoding (Cp1252 actually) to copy filtered resources, i.e. build is platform dependent!
2025-03-10 17:09:58,873 [Worker-70: Building] INFO  o.a.m.s.f.DefaultMavenResourcesFiltering - Copying 0 resource from src\main\resources to target\classes
2025-03-10 17:09:58,875 [Worker-70: Building] WARN  o.a.m.s.f.DefaultMavenResourcesFiltering - Using platform encoding (Cp1252 actually) to copy filtered resources, i.e. build is platform dependent!
2025-03-10 17:09:58,875 [Worker-70: Building] INFO  o.a.m.s.f.DefaultMavenResourcesFiltering - Copying 0 resource from src\test\resources to target\test-classes
2025-03-10 17:10:01,514 [Worker-70: Building] WARN  o.a.m.s.f.DefaultMavenResourcesFiltering - Using platform encoding (Cp1252 actually) to copy filtered resources, i.e. build is platform dependent!
2025-03-10 17:10:01,515 [Worker-70: Building] INFO  o.a.m.s.f.DefaultMavenResourcesFiltering - Copying 0 resource from src\main\resources to target\classes
2025-03-10 17:10:01,517 [Worker-70: Building] WARN  o.a.m.s.f.DefaultMavenResourcesFiltering - Using platform encoding (Cp1252 actually) to copy filtered resources, i.e. build is platform dependent!
2025-03-10 17:10:01,518 [Worker-70: Building] INFO  o.a.m.s.f.DefaultMavenResourcesFiltering - Copying 0 resource from src\test\resources to target\test-classes
2025-03-10 17:10:13,447 [Worker-66: Building] WARN  o.a.m.s.f.DefaultMavenResourcesFiltering - Using platform encoding (Cp1252 actually) to copy filtered resources, i.e. build is platform dependent!
2025-03-10 17:10:13,450 [Worker-66: Building] INFO  o.a.m.s.f.DefaultMavenResourcesFiltering - Copying 0 resource from src\main\resources to target\classes
2025-03-10 17:10:13,454 [Worker-66: Building] WARN  o.a.m.s.f.DefaultMavenResourcesFiltering - Using platform encoding (Cp1252 actually) to copy filtered resources, i.e. build is platform dependent!
2025-03-10 17:10:13,456 [Worker-66: Building] INFO  o.a.m.s.f.DefaultMavenResourcesFiltering - Copying 0 resource from src\test\resources to target\test-classes
2025-03-10 17:10:59,286 [Worker-66: Building] WARN  o.a.m.s.f.DefaultMavenResourcesFiltering - Using platform encoding (Cp1252 actually) to copy filtered resources, i.e. build is platform dependent!
2025-03-10 17:10:59,288 [Worker-66: Building] INFO  o.a.m.s.f.DefaultMavenResourcesFiltering - Copying 0 resource from src\main\resources to target\classes
2025-03-10 17:10:59,290 [Worker-66: Building] WARN  o.a.m.s.f.DefaultMavenResourcesFiltering - Using platform encoding (Cp1252 actually) to copy filtered resources, i.e. build is platform dependent!
2025-03-10 17:10:59,291 [Worker-66: Building] INFO  o.a.m.s.f.DefaultMavenResourcesFiltering - Copying 0 resource from src\test\resources to target\test-classes
2025-03-10 17:11:08,112 [Worker-66: Building] WARN  o.a.m.s.f.DefaultMavenResourcesFiltering - Using platform encoding (Cp1252 actually) to copy filtered resources, i.e. build is platform dependent!
2025-03-10 17:11:08,113 [Worker-66: Building] INFO  o.a.m.s.f.DefaultMavenResourcesFiltering - Copying 0 resource from src\main\resources to target\classes
2025-03-10 17:11:08,116 [Worker-66: Building] WARN  o.a.m.s.f.DefaultMavenResourcesFiltering - Using platform encoding (Cp1252 actually) to copy filtered resources, i.e. build is platform dependent!
2025-03-10 17:11:08,117 [Worker-66: Building] INFO  o.a.m.s.f.DefaultMavenResourcesFiltering - Copying 0 resource from src\test\resources to target\test-classes
2025-03-10 17:11:35,756 [Worker-68: Building] WARN  o.a.m.s.f.DefaultMavenResourcesFiltering - Using platform encoding (Cp1252 actually) to copy filtered resources, i.e. build is platform dependent!
2025-03-10 17:11:35,758 [Worker-68: Building] INFO  o.a.m.s.f.DefaultMavenResourcesFiltering - Copying 0 resource from src\main\resources to target\classes
2025-03-10 17:11:35,761 [Worker-68: Building] WARN  o.a.m.s.f.DefaultMavenResourcesFiltering - Using platform encoding (Cp1252 actually) to copy filtered resources, i.e. build is platform dependent!
2025-03-10 17:11:35,763 [Worker-68: Building] INFO  o.a.m.s.f.DefaultMavenResourcesFiltering - Copying 0 resource from src\test\resources to target\test-classes
2025-03-10 17:11:40,605 [Worker-70: Building] WARN  o.a.m.s.f.DefaultMavenResourcesFiltering - Using platform encoding (Cp1252 actually) to copy filtered resources, i.e. build is platform dependent!
2025-03-10 17:11:40,606 [Worker-70: Building] INFO  o.a.m.s.f.DefaultMavenResourcesFiltering - Copying 0 resource from src\main\resources to target\classes
2025-03-10 17:11:40,609 [Worker-70: Building] WARN  o.a.m.s.f.DefaultMavenResourcesFiltering - Using platform encoding (Cp1252 actually) to copy filtered resources, i.e. build is platform dependent!
2025-03-10 17:11:40,610 [Worker-70: Building] INFO  o.a.m.s.f.DefaultMavenResourcesFiltering - Copying 0 resource from src\test\resources to target\test-classes
2025-03-10 17:12:31,635 [Worker-52: Building] WARN  o.a.m.s.f.DefaultMavenResourcesFiltering - Using platform encoding (Cp1252 actually) to copy filtered resources, i.e. build is platform dependent!
2025-03-10 17:12:31,636 [Worker-52: Building] INFO  o.a.m.s.f.DefaultMavenResourcesFiltering - Copying 0 resource from src\main\resources to target\classes
2025-03-10 17:12:31,638 [Worker-52: Building] WARN  o.a.m.s.f.DefaultMavenResourcesFiltering - Using platform encoding (Cp1252 actually) to copy filtered resources, i.e. build is platform dependent!
2025-03-10 17:12:31,640 [Worker-52: Building] INFO  o.a.m.s.f.DefaultMavenResourcesFiltering - Copying 0 resource from src\test\resources to target\test-classes
2025-03-10 17:12:39,416 [Worker-52: Building] WARN  o.a.m.s.f.DefaultMavenResourcesFiltering - Using platform encoding (Cp1252 actually) to copy filtered resources, i.e. build is platform dependent!
2025-03-10 17:12:39,418 [Worker-52: Building] INFO  o.a.m.s.f.DefaultMavenResourcesFiltering - Copying 0 resource from src\main\resources to target\classes
2025-03-10 17:12:39,420 [Worker-52: Building] WARN  o.a.m.s.f.DefaultMavenResourcesFiltering - Using platform encoding (Cp1252 actually) to copy filtered resources, i.e. build is platform dependent!
2025-03-10 17:12:39,421 [Worker-52: Building] INFO  o.a.m.s.f.DefaultMavenResourcesFiltering - Copying 0 resource from src\test\resources to target\test-classes
2025-03-10 17:12:41,772 [Worker-70: Building] WARN  o.a.m.s.f.DefaultMavenResourcesFiltering - Using platform encoding (Cp1252 actually) to copy filtered resources, i.e. build is platform dependent!
2025-03-10 17:12:41,773 [Worker-70: Building] INFO  o.a.m.s.f.DefaultMavenResourcesFiltering - Copying 0 resource from src\main\resources to target\classes
2025-03-10 17:12:41,776 [Worker-70: Building] WARN  o.a.m.s.f.DefaultMavenResourcesFiltering - Using platform encoding (Cp1252 actually) to copy filtered resources, i.e. build is platform dependent!
2025-03-10 17:12:41,777 [Worker-70: Building] INFO  o.a.m.s.f.DefaultMavenResourcesFiltering - Copying 0 resource from src\test\resources to target\test-classes
2025-03-10 17:14:45,074 [Worker-72: Building] WARN  o.a.m.s.f.DefaultMavenResourcesFiltering - Using platform encoding (Cp1252 actually) to copy filtered resources, i.e. build is platform dependent!
2025-03-10 17:14:45,075 [Worker-72: Building] INFO  o.a.m.s.f.DefaultMavenResourcesFiltering - Copying 0 resource from src\main\resources to target\classes
2025-03-10 17:14:45,078 [Worker-72: Building] WARN  o.a.m.s.f.DefaultMavenResourcesFiltering - Using platform encoding (Cp1252 actually) to copy filtered resources, i.e. build is platform dependent!
2025-03-10 17:14:45,080 [Worker-72: Building] INFO  o.a.m.s.f.DefaultMavenResourcesFiltering - Copying 0 resource from src\test\resources to target\test-classes
2025-03-10 17:14:53,931 [Worker-73: Building] WARN  o.a.m.s.f.DefaultMavenResourcesFiltering - Using platform encoding (Cp1252 actually) to copy filtered resources, i.e. build is platform dependent!
2025-03-10 17:14:53,932 [Worker-73: Building] INFO  o.a.m.s.f.DefaultMavenResourcesFiltering - Copying 0 resource from src\main\resources to target\classes
2025-03-10 17:14:53,934 [Worker-73: Building] WARN  o.a.m.s.f.DefaultMavenResourcesFiltering - Using platform encoding (Cp1252 actually) to copy filtered resources, i.e. build is platform dependent!
2025-03-10 17:14:53,934 [Worker-73: Building] INFO  o.a.m.s.f.DefaultMavenResourcesFiltering - Copying 0 resource from src\test\resources to target\test-classes
2025-03-10 17:15:04,151 [Worker-72: Building] WARN  o.a.m.s.f.DefaultMavenResourcesFiltering - Using platform encoding (Cp1252 actually) to copy filtered resources, i.e. build is platform dependent!
2025-03-10 17:15:04,152 [Worker-72: Building] INFO  o.a.m.s.f.DefaultMavenResourcesFiltering - Copying 0 resource from src\main\resources to target\classes
2025-03-10 17:15:04,154 [Worker-72: Building] WARN  o.a.m.s.f.DefaultMavenResourcesFiltering - Using platform encoding (Cp1252 actually) to copy filtered resources, i.e. build is platform dependent!
2025-03-10 17:15:04,155 [Worker-72: Building] INFO  o.a.m.s.f.DefaultMavenResourcesFiltering - Copying 0 resource from src\test\resources to target\test-classes
2025-03-10 17:15:20,495 [Worker-73: Building] WARN  o.a.m.s.f.DefaultMavenResourcesFiltering - Using platform encoding (Cp1252 actually) to copy filtered resources, i.e. build is platform dependent!
2025-03-10 17:15:20,496 [Worker-73: Building] INFO  o.a.m.s.f.DefaultMavenResourcesFiltering - Copying 0 resource from src\main\resources to target\classes
2025-03-10 17:15:20,499 [Worker-73: Building] WARN  o.a.m.s.f.DefaultMavenResourcesFiltering - Using platform encoding (Cp1252 actually) to copy filtered resources, i.e. build is platform dependent!
2025-03-10 17:15:20,502 [Worker-73: Building] INFO  o.a.m.s.f.DefaultMavenResourcesFiltering - Copying 0 resource from src\test\resources to target\test-classes
2025-03-10 18:51:07,184 [Worker-1: Loading available Gradle versions] INFO  o.e.b.c.i.u.g.PublishedGradleVersions - Gradle version information cache is out-of-date. Trying to update.
2025-03-10 18:51:08,340 [Worker-1: Loading available Gradle versions] INFO  o.e.b.c.i.u.g.PublishedGradleVersions - Updating Gradle version information cache failed. Using outdated cache.
2025-03-10 18:56:11,848 [Worker-16: Building] WARN  o.a.m.s.f.DefaultMavenResourcesFiltering - Using platform encoding (Cp1252 actually) to copy filtered resources, i.e. build is platform dependent!
2025-03-10 18:56:11,855 [Worker-16: Building] INFO  o.a.m.s.f.DefaultMavenResourcesFiltering - Copying 0 resource from src\main\resources to target\classes
2025-03-10 18:56:11,863 [Worker-16: Building] WARN  o.a.m.s.f.DefaultMavenResourcesFiltering - Using platform encoding (Cp1252 actually) to copy filtered resources, i.e. build is platform dependent!
2025-03-10 18:56:11,864 [Worker-16: Building] INFO  o.a.m.s.f.DefaultMavenResourcesFiltering - Copying 0 resource from src\test\resources to target\test-classes
2025-03-10 18:56:51,966 [Worker-2: Building] WARN  o.a.m.s.f.DefaultMavenResourcesFiltering - Using platform encoding (Cp1252 actually) to copy filtered resources, i.e. build is platform dependent!
2025-03-10 18:56:51,970 [Worker-2: Building] INFO  o.a.m.s.f.DefaultMavenResourcesFiltering - Copying 0 resource from src\main\resources to target\classes
2025-03-10 18:56:51,974 [Worker-2: Building] WARN  o.a.m.s.f.DefaultMavenResourcesFiltering - Using platform encoding (Cp1252 actually) to copy filtered resources, i.e. build is platform dependent!
2025-03-10 18:56:51,975 [Worker-2: Building] INFO  o.a.m.s.f.DefaultMavenResourcesFiltering - Copying 0 resource from src\test\resources to target\test-classes
2025-03-10 18:58:07,446 [Worker-12: Building] WARN  o.a.m.s.f.DefaultMavenResourcesFiltering - Using platform encoding (Cp1252 actually) to copy filtered resources, i.e. build is platform dependent!
2025-03-10 18:58:07,448 [Worker-12: Building] INFO  o.a.m.s.f.DefaultMavenResourcesFiltering - Copying 0 resource from src\main\resources to target\classes
2025-03-10 18:58:07,453 [Worker-12: Building] WARN  o.a.m.s.f.DefaultMavenResourcesFiltering - Using platform encoding (Cp1252 actually) to copy filtered resources, i.e. build is platform dependent!
2025-03-10 18:58:07,454 [Worker-12: Building] INFO  o.a.m.s.f.DefaultMavenResourcesFiltering - Copying 0 resource from src\test\resources to target\test-classes
2025-03-10 18:59:03,151 [Worker-18: Building] WARN  o.a.m.s.f.DefaultMavenResourcesFiltering - Using platform encoding (Cp1252 actually) to copy filtered resources, i.e. build is platform dependent!
2025-03-10 18:59:03,153 [Worker-18: Building] INFO  o.a.m.s.f.DefaultMavenResourcesFiltering - Copying 0 resource from src\main\resources to target\classes
2025-03-10 18:59:03,157 [Worker-18: Building] WARN  o.a.m.s.f.DefaultMavenResourcesFiltering - Using platform encoding (Cp1252 actually) to copy filtered resources, i.e. build is platform dependent!
2025-03-10 18:59:03,159 [Worker-18: Building] INFO  o.a.m.s.f.DefaultMavenResourcesFiltering - Copying 0 resource from src\test\resources to target\test-classes
2025-03-10 20:07:18,521 [Worker-34: Building] WARN  o.a.m.s.f.DefaultMavenResourcesFiltering - Using platform encoding (Cp1252 actually) to copy filtered resources, i.e. build is platform dependent!
2025-03-10 20:07:18,523 [Worker-34: Building] INFO  o.a.m.s.f.DefaultMavenResourcesFiltering - Copying 0 resource from src\main\resources to target\classes
2025-03-10 20:07:18,527 [Worker-34: Building] WARN  o.a.m.s.f.DefaultMavenResourcesFiltering - Using platform encoding (Cp1252 actually) to copy filtered resources, i.e. build is platform dependent!
2025-03-10 20:07:18,528 [Worker-34: Building] INFO  o.a.m.s.f.DefaultMavenResourcesFiltering - Copying 0 resource from src\test\resources to target\test-classes
2025-03-10 20:54:57,387 [Worker-1: Loading available Gradle versions] INFO  o.e.b.c.i.u.g.PublishedGradleVersions - Gradle version information cache is out-of-date. Trying to update.
2025-03-10 20:54:58,438 [Worker-1: Loading available Gradle versions] INFO  o.e.b.c.i.u.g.PublishedGradleVersions - Updating Gradle version information cache failed. Using outdated cache.
2025-03-11 14:56:04,529 [Worker-0: Loading available Gradle versions] INFO  o.e.b.c.i.u.g.PublishedGradleVersions - Gradle version information cache is out-of-date. Trying to update.
2025-03-11 14:56:05,613 [Worker-0: Loading available Gradle versions] INFO  o.e.b.c.i.u.g.PublishedGradleVersions - Updating Gradle version information cache failed. Using outdated cache.
2025-03-11 15:37:07,565 [Worker-24: Building] WARN  o.a.m.s.f.DefaultMavenResourcesFiltering - Using platform encoding (Cp1252 actually) to copy filtered resources, i.e. build is platform dependent!
2025-03-11 15:37:07,572 [Worker-24: Building] INFO  o.a.m.s.f.DefaultMavenResourcesFiltering - Copying 0 resource from src\main\resources to target\classes
2025-03-11 15:37:07,578 [Worker-24: Building] WARN  o.a.m.s.f.DefaultMavenResourcesFiltering - Using platform encoding (Cp1252 actually) to copy filtered resources, i.e. build is platform dependent!
2025-03-11 15:37:07,580 [Worker-24: Building] INFO  o.a.m.s.f.DefaultMavenResourcesFiltering - Copying 0 resource from src\test\resources to target\test-classes
2025-03-11 18:16:14,419 [Worker-0: Loading available Gradle versions] INFO  o.e.b.c.i.u.g.PublishedGradleVersions - Gradle version information cache is out-of-date. Trying to update.
2025-03-11 18:16:15,061 [Worker-0: Loading available Gradle versions] INFO  o.e.b.c.i.u.g.PublishedGradleVersions - Updating Gradle version information cache failed. Using outdated cache.
2025-03-12 08:27:45,732 [Worker-2: Loading available Gradle versions] INFO  o.e.b.c.i.u.g.PublishedGradleVersions - Gradle version information cache is up-to-date. Trying to read.
2025-03-12 08:28:56,045 [Worker-13: Building] WARN  o.a.m.s.f.DefaultMavenResourcesFiltering - Using platform encoding (Cp1252 actually) to copy filtered resources, i.e. build is platform dependent!
2025-03-12 08:28:56,060 [Worker-13: Building] INFO  o.a.m.s.f.DefaultMavenResourcesFiltering - Copying 0 resource from src\main\resources to target\classes
2025-03-12 08:28:56,069 [Worker-13: Building] WARN  o.a.m.s.f.DefaultMavenResourcesFiltering - Using platform encoding (Cp1252 actually) to copy filtered resources, i.e. build is platform dependent!
2025-03-12 08:28:56,070 [Worker-13: Building] INFO  o.a.m.s.f.DefaultMavenResourcesFiltering - Copying 0 resource from src\test\resources to target\test-classes
2025-03-19 15:29:20,611 [Worker-0: Loading available Gradle versions] INFO  o.e.b.c.i.u.g.PublishedGradleVersions - Gradle version information cache is up-to-date. Trying to read.
2025-03-19 15:31:51,798 [Worker-5: Building] WARN  o.a.m.s.f.DefaultMavenResourcesFiltering - Using platform encoding (Cp1252 actually) to copy filtered resources, i.e. build is platform dependent!
2025-03-19 15:31:51,802 [Worker-5: Building] INFO  o.a.m.s.f.DefaultMavenResourcesFiltering - Copying 0 resource from src\main\resources to target\classes
2025-03-19 15:31:51,807 [Worker-5: Building] WARN  o.a.m.s.f.DefaultMavenResourcesFiltering - Using platform encoding (Cp1252 actually) to copy filtered resources, i.e. build is platform dependent!
2025-03-19 15:31:51,810 [Worker-5: Building] INFO  o.a.m.s.f.DefaultMavenResourcesFiltering - Copying 0 resource from src\test\resources to target\test-classes
2025-03-19 15:32:41,601 [Worker-10: Building] WARN  o.a.m.s.f.DefaultMavenResourcesFiltering - Using platform encoding (Cp1252 actually) to copy filtered resources, i.e. build is platform dependent!
2025-03-19 15:32:41,605 [Worker-10: Building] INFO  o.a.m.s.f.DefaultMavenResourcesFiltering - Copying 0 resource from src\main\resources to target\classes
2025-03-19 15:32:41,609 [Worker-10: Building] WARN  o.a.m.s.f.DefaultMavenResourcesFiltering - Using platform encoding (Cp1252 actually) to copy filtered resources, i.e. build is platform dependent!
2025-03-19 15:32:41,610 [Worker-10: Building] INFO  o.a.m.s.f.DefaultMavenResourcesFiltering - Copying 0 resource from src\test\resources to target\test-classes
2025-03-19 15:32:53,497 [Worker-17: Building] WARN  o.a.m.s.f.DefaultMavenResourcesFiltering - Using platform encoding (Cp1252 actually) to copy filtered resources, i.e. build is platform dependent!
2025-03-19 15:32:53,499 [Worker-17: Building] INFO  o.a.m.s.f.DefaultMavenResourcesFiltering - Copying 0 resource from src\main\resources to target\classes
2025-03-19 15:32:53,504 [Worker-17: Building] WARN  o.a.m.s.f.DefaultMavenResourcesFiltering - Using platform encoding (Cp1252 actually) to copy filtered resources, i.e. build is platform dependent!
2025-03-19 15:32:53,505 [Worker-17: Building] INFO  o.a.m.s.f.DefaultMavenResourcesFiltering - Copying 0 resource from src\test\resources to target\test-classes
2025-03-19 15:33:09,324 [Worker-15: Building] WARN  o.a.m.s.f.DefaultMavenResourcesFiltering - Using platform encoding (Cp1252 actually) to copy filtered resources, i.e. build is platform dependent!
2025-03-19 15:33:09,326 [Worker-15: Building] INFO  o.a.m.s.f.DefaultMavenResourcesFiltering - Copying 0 resource from src\main\resources to target\classes
2025-03-19 15:33:09,330 [Worker-15: Building] WARN  o.a.m.s.f.DefaultMavenResourcesFiltering - Using platform encoding (Cp1252 actually) to copy filtered resources, i.e. build is platform dependent!
2025-03-19 15:33:09,331 [Worker-15: Building] INFO  o.a.m.s.f.DefaultMavenResourcesFiltering - Copying 0 resource from src\test\resources to target\test-classes
2025-03-19 15:33:40,138 [Worker-10: Building] WARN  o.a.m.s.f.DefaultMavenResourcesFiltering - Using platform encoding (Cp1252 actually) to copy filtered resources, i.e. build is platform dependent!
2025-03-19 15:33:40,139 [Worker-10: Building] INFO  o.a.m.s.f.DefaultMavenResourcesFiltering - Copying 0 resource from src\main\resources to target\classes
2025-03-19 15:33:40,143 [Worker-10: Building] WARN  o.a.m.s.f.DefaultMavenResourcesFiltering - Using platform encoding (Cp1252 actually) to copy filtered resources, i.e. build is platform dependent!
2025-03-19 15:33:40,144 [Worker-10: Building] INFO  o.a.m.s.f.DefaultMavenResourcesFiltering - Copying 0 resource from src\test\resources to target\test-classes
2025-03-19 15:34:16,419 [Worker-16: Building] WARN  o.a.m.s.f.DefaultMavenResourcesFiltering - Using platform encoding (Cp1252 actually) to copy filtered resources, i.e. build is platform dependent!
2025-03-19 15:34:16,425 [Worker-16: Building] INFO  o.a.m.s.f.DefaultMavenResourcesFiltering - Copying 0 resource from src\main\resources to target\classes
2025-03-19 15:34:16,432 [Worker-16: Building] WARN  o.a.m.s.f.DefaultMavenResourcesFiltering - Using platform encoding (Cp1252 actually) to copy filtered resources, i.e. build is platform dependent!
2025-03-19 15:34:16,433 [Worker-16: Building] INFO  o.a.m.s.f.DefaultMavenResourcesFiltering - Copying 0 resource from src\test\resources to target\test-classes
2025-03-19 15:35:08,875 [Worker-5: Building] WARN  o.a.m.s.f.DefaultMavenResourcesFiltering - Using platform encoding (Cp1252 actually) to copy filtered resources, i.e. build is platform dependent!
2025-03-19 15:35:08,878 [Worker-5: Building] INFO  o.a.m.s.f.DefaultMavenResourcesFiltering - Copying 0 resource from src\main\resources to target\classes
2025-03-19 15:35:08,890 [Worker-5: Building] WARN  o.a.m.s.f.DefaultMavenResourcesFiltering - Using platform encoding (Cp1252 actually) to copy filtered resources, i.e. build is platform dependent!
2025-03-19 15:35:08,893 [Worker-5: Building] INFO  o.a.m.s.f.DefaultMavenResourcesFiltering - Copying 0 resource from src\test\resources to target\test-classes
2025-03-19 15:36:07,177 [Worker-10: Building] INFO  o.e.m.c.i.l.LifecycleMappingFactory - Using org.maven.ide.eclipse.wtp.WarLifecycleMapping lifecycle mapping for MavenProject: com.book:ecommerce:0.0.1-SNAPSHOT @ D:\Downloads\try\ecommerce\pom.xml.
2025-03-19 15:36:07,978 [Worker-10: Building] WARN  o.a.m.s.f.DefaultMavenResourcesFiltering - Using platform encoding (Cp1252 actually) to copy filtered resources, i.e. build is platform dependent!
2025-03-19 15:36:07,981 [Worker-10: Building] INFO  o.a.m.s.f.DefaultMavenResourcesFiltering - Copying 0 resource from src\main\resources to target\classes
2025-03-19 15:36:07,988 [Worker-10: Building] WARN  o.a.m.s.f.DefaultMavenResourcesFiltering - Using platform encoding (Cp1252 actually) to copy filtered resources, i.e. build is platform dependent!
2025-03-19 15:36:07,989 [Worker-10: Building] INFO  o.a.m.s.f.DefaultMavenResourcesFiltering - Copying 0 resource from src\test\resources to target\test-classes
2025-03-19 15:36:07,990 [Worker-10: Building] INFO  o.e.m.w.i.f.ResourceFilteringBuildParticipant - Changed resources require a complete clean of filtered resources of ecommerce
2025-03-19 15:36:07,991 [Worker-10: Building] INFO  o.e.m.w.i.f.ResourceFilteringBuildParticipant - Executing resource filtering for ecommerce
2025-03-19 15:36:51,476 [Worker-14: Building] INFO  o.e.m.c.i.l.LifecycleMappingFactory - Using org.maven.ide.eclipse.wtp.WarLifecycleMapping lifecycle mapping for MavenProject: com.book:ecommerce:0.0.1-SNAPSHOT @ D:\Downloads\try\ecommerce\pom.xml.
2025-03-19 15:36:52,145 [Worker-14: Building] WARN  o.a.m.s.f.DefaultMavenResourcesFiltering - Using platform encoding (Cp1252 actually) to copy filtered resources, i.e. build is platform dependent!
2025-03-19 15:36:52,148 [Worker-14: Building] INFO  o.a.m.s.f.DefaultMavenResourcesFiltering - Copying 0 resource from src\main\resources to target\classes
2025-03-19 15:36:52,155 [Worker-14: Building] WARN  o.a.m.s.f.DefaultMavenResourcesFiltering - Using platform encoding (Cp1252 actually) to copy filtered resources, i.e. build is platform dependent!
2025-03-19 15:36:52,156 [Worker-14: Building] INFO  o.a.m.s.f.DefaultMavenResourcesFiltering - Copying 0 resource from src\test\resources to target\test-classes
2025-03-19 15:36:52,157 [Worker-14: Building] INFO  o.e.m.w.i.f.ResourceFilteringBuildParticipant - Changed resources require a complete clean of filtered resources of ecommerce
2025-03-19 15:36:52,157 [Worker-14: Building] INFO  o.e.m.w.i.f.ResourceFilteringBuildParticipant - Executing resource filtering for ecommerce
2025-03-19 15:38:44,113 [Worker-15: Building] INFO  o.e.m.c.i.l.LifecycleMappingFactory - Using org.maven.ide.eclipse.wtp.WarLifecycleMapping lifecycle mapping for MavenProject: com.book:ecommerce:0.0.1-SNAPSHOT @ D:\Downloads\try\ecommerce\pom.xml.
2025-03-19 15:38:44,729 [Worker-15: Building] WARN  o.a.m.s.f.DefaultMavenResourcesFiltering - Using platform encoding (Cp1252 actually) to copy filtered resources, i.e. build is platform dependent!
2025-03-19 15:38:44,731 [Worker-15: Building] INFO  o.a.m.s.f.DefaultMavenResourcesFiltering - Copying 0 resource from src\main\resources to target\classes
2025-03-19 15:38:44,735 [Worker-15: Building] WARN  o.a.m.s.f.DefaultMavenResourcesFiltering - Using platform encoding (Cp1252 actually) to copy filtered resources, i.e. build is platform dependent!
2025-03-19 15:38:44,736 [Worker-15: Building] INFO  o.a.m.s.f.DefaultMavenResourcesFiltering - Copying 0 resource from src\test\resources to target\test-classes
2025-03-19 15:38:44,737 [Worker-15: Building] INFO  o.e.m.w.i.f.ResourceFilteringBuildParticipant - Changed resources require a complete clean of filtered resources of ecommerce
2025-03-19 15:38:44,737 [Worker-15: Building] INFO  o.e.m.w.i.f.ResourceFilteringBuildParticipant - Executing resource filtering for ecommerce
2025-03-19 15:39:19,912 [Worker-15: Building] INFO  o.e.m.c.i.l.LifecycleMappingFactory - Using org.maven.ide.eclipse.wtp.WarLifecycleMapping lifecycle mapping for MavenProject: com.book:ecommerce:0.0.1-SNAPSHOT @ D:\Downloads\try\ecommerce\pom.xml.
2025-03-19 15:39:20,467 [Worker-15: Building] WARN  o.a.m.s.f.DefaultMavenResourcesFiltering - Using platform encoding (Cp1252 actually) to copy filtered resources, i.e. build is platform dependent!
2025-03-19 15:39:20,470 [Worker-15: Building] INFO  o.a.m.s.f.DefaultMavenResourcesFiltering - Copying 0 resource from src\main\resources to target\classes
2025-03-19 15:39:20,475 [Worker-15: Building] WARN  o.a.m.s.f.DefaultMavenResourcesFiltering - Using platform encoding (Cp1252 actually) to copy filtered resources, i.e. build is platform dependent!
2025-03-19 15:39:20,476 [Worker-15: Building] INFO  o.a.m.s.f.DefaultMavenResourcesFiltering - Copying 0 resource from src\test\resources to target\test-classes
2025-03-19 15:39:20,476 [Worker-15: Building] INFO  o.e.m.w.i.f.ResourceFilteringBuildParticipant - Changed resources require a complete clean of filtered resources of ecommerce
2025-03-19 15:39:20,476 [Worker-15: Building] INFO  o.e.m.w.i.f.ResourceFilteringBuildParticipant - Executing resource filtering for ecommerce
2025-03-19 15:40:30,216 [Worker-10: Building] INFO  o.e.m.c.i.l.LifecycleMappingFactory - Using org.maven.ide.eclipse.wtp.WarLifecycleMapping lifecycle mapping for MavenProject: com.book:ecommerce:0.0.1-SNAPSHOT @ D:\Downloads\try\ecommerce\pom.xml.
2025-03-19 15:40:30,858 [Worker-10: Building] INFO  o.e.m.c.i.e.AbstractTransferListenerAdapter - Downloading https://repo.maven.apache.org/maven2/jstl/jstl/1.2/jstl-1.2.pom
2025-03-19 15:40:30,989 [Worker-10: Building] INFO  o.e.m.c.i.e.AbstractTransferListenerAdapter - Downloaded https://repo.maven.apache.org/maven2/jstl/jstl/1.2/jstl-1.2.pom
2025-03-19 15:40:31,091 [Worker-10: Building] INFO  o.e.m.c.i.e.AbstractTransferListenerAdapter - Downloading https://repo.maven.apache.org/maven2/jstl/jstl/1.2/jstl-1.2.jar
2025-03-19 15:40:31,556 [Worker-10: Building] INFO  o.e.m.c.i.e.AbstractTransferListenerAdapter - Downloaded https://repo.maven.apache.org/maven2/jstl/jstl/1.2/jstl-1.2.jar
2025-03-19 15:40:32,147 [Worker-10: Building] WARN  o.a.m.s.f.DefaultMavenResourcesFiltering - Using platform encoding (Cp1252 actually) to copy filtered resources, i.e. build is platform dependent!
2025-03-19 15:40:32,153 [Worker-10: Building] INFO  o.a.m.s.f.DefaultMavenResourcesFiltering - Copying 0 resource from src\main\resources to target\classes
2025-03-19 15:40:32,158 [Worker-10: Building] WARN  o.a.m.s.f.DefaultMavenResourcesFiltering - Using platform encoding (Cp1252 actually) to copy filtered resources, i.e. build is platform dependent!
2025-03-19 15:40:32,159 [Worker-10: Building] INFO  o.a.m.s.f.DefaultMavenResourcesFiltering - Copying 0 resource from src\test\resources to target\test-classes
2025-03-19 15:40:32,160 [Worker-10: Building] INFO  o.e.m.w.i.f.ResourceFilteringBuildParticipant - Changed resources require a complete clean of filtered resources of ecommerce
2025-03-19 15:40:32,160 [Worker-10: Building] INFO  o.e.m.w.i.f.ResourceFilteringBuildParticipant - Executing resource filtering for ecommerce
2025-03-19 15:40:33,549 [Worker-10: Download sources and javadoc] INFO  o.e.m.c.i.e.AbstractTransferListenerAdapter - Downloaded https://repo.maven.apache.org/maven2/jstl/jstl/1.2/jstl-1.2-sources.jar
2025-03-19 15:40:33,558 [Worker-10: Download sources and javadoc] ERROR o.e.m.j.internal.DownloadSourcesJob - Could not download sources for jstl:jstl:1.2
org.eclipse.core.runtime.CoreException: Could not resolve artifact jstl:jstl:jar:sources:1.2
	at org.eclipse.m2e.core.internal.embedder.MavenImpl.lambda$6(MavenImpl.java:584)
	at org.eclipse.m2e.core.internal.embedder.MavenExecutionContext.executeBare(MavenExecutionContext.java:394)
	at org.eclipse.m2e.core.internal.embedder.MavenExecutionContext.execute(MavenExecutionContext.java:228)
	at org.eclipse.m2e.core.internal.embedder.MavenExecutionContext.execute(MavenExecutionContext.java:214)
	at org.eclipse.m2e.core.internal.embedder.MavenImpl.resolve(MavenImpl.java:553)
	at org.eclipse.m2e.core.internal.embedder.MavenImpl.resolve(MavenImpl.java:538)
	at org.eclipse.m2e.jdt.internal.DownloadSourcesJob.download(DownloadSourcesJob.java:308)
	at org.eclipse.m2e.jdt.internal.DownloadSourcesJob.downloadAttachments(DownloadSourcesJob.java:282)
	at org.eclipse.m2e.jdt.internal.DownloadSourcesJob.downloadMaven(DownloadSourcesJob.java:252)
	at org.eclipse.m2e.jdt.internal.DownloadSourcesJob.downloadFilesAndPopulateToUpdate(DownloadSourcesJob.java:220)
	at org.eclipse.m2e.jdt.internal.DownloadSourcesJob.lambda$0(DownloadSourcesJob.java:149)
	at org.eclipse.m2e.core.internal.embedder.MavenExecutionContext.executeBare(MavenExecutionContext.java:394)
	at org.eclipse.m2e.core.internal.embedder.MavenExecutionContext.execute(MavenExecutionContext.java:275)
	at org.eclipse.m2e.core.internal.embedder.MavenExecutionContext.execute(MavenExecutionContext.java:214)
	at org.eclipse.m2e.core.embedder.IMaven.execute(IMaven.java:294)
	at org.eclipse.m2e.jdt.internal.DownloadSourcesJob.run(DownloadSourcesJob.java:149)
	at org.eclipse.core.internal.jobs.Worker.run(Worker.java:63)
2025-03-19 15:41:51,332 [Worker-15: Building] WARN  o.a.m.s.f.DefaultMavenResourcesFiltering - Using platform encoding (Cp1252 actually) to copy filtered resources, i.e. build is platform dependent!
2025-03-19 15:41:51,333 [Worker-15: Building] INFO  o.a.m.s.f.DefaultMavenResourcesFiltering - Copying 0 resource from src\main\resources to target\classes
2025-03-19 15:41:51,335 [Worker-15: Building] WARN  o.a.m.s.f.DefaultMavenResourcesFiltering - Using platform encoding (Cp1252 actually) to copy filtered resources, i.e. build is platform dependent!
2025-03-19 15:41:51,336 [Worker-15: Building] INFO  o.a.m.s.f.DefaultMavenResourcesFiltering - Copying 0 resource from src\test\resources to target\test-classes
2025-03-19 15:42:02,254 [Worker-18: Building] WARN  o.a.m.s.f.DefaultMavenResourcesFiltering - Using platform encoding (Cp1252 actually) to copy filtered resources, i.e. build is platform dependent!
2025-03-19 15:42:02,255 [Worker-18: Building] INFO  o.a.m.s.f.DefaultMavenResourcesFiltering - Copying 0 resource from src\main\resources to target\classes
2025-03-19 15:42:02,258 [Worker-18: Building] WARN  o.a.m.s.f.DefaultMavenResourcesFiltering - Using platform encoding (Cp1252 actually) to copy filtered resources, i.e. build is platform dependent!
2025-03-19 15:42:02,259 [Worker-18: Building] INFO  o.a.m.s.f.DefaultMavenResourcesFiltering - Copying 0 resource from src\test\resources to target\test-classes
2025-03-19 15:42:24,994 [Worker-14: Building] WARN  o.a.m.s.f.DefaultMavenResourcesFiltering - Using platform encoding (Cp1252 actually) to copy filtered resources, i.e. build is platform dependent!
2025-03-19 15:42:24,995 [Worker-14: Building] INFO  o.a.m.s.f.DefaultMavenResourcesFiltering - Copying 0 resource from src\main\resources to target\classes
2025-03-19 15:42:24,998 [Worker-14: Building] WARN  o.a.m.s.f.DefaultMavenResourcesFiltering - Using platform encoding (Cp1252 actually) to copy filtered resources, i.e. build is platform dependent!
2025-03-19 15:42:24,999 [Worker-14: Building] INFO  o.a.m.s.f.DefaultMavenResourcesFiltering - Copying 0 resource from src\test\resources to target\test-classes
2025-03-19 15:42:33,711 [Worker-10: Building] WARN  o.a.m.s.f.DefaultMavenResourcesFiltering - Using platform encoding (Cp1252 actually) to copy filtered resources, i.e. build is platform dependent!
2025-03-19 15:42:33,713 [Worker-10: Building] INFO  o.a.m.s.f.DefaultMavenResourcesFiltering - Copying 0 resource from src\main\resources to target\classes
2025-03-19 15:42:33,717 [Worker-10: Building] WARN  o.a.m.s.f.DefaultMavenResourcesFiltering - Using platform encoding (Cp1252 actually) to copy filtered resources, i.e. build is platform dependent!
2025-03-19 15:42:33,719 [Worker-10: Building] INFO  o.a.m.s.f.DefaultMavenResourcesFiltering - Copying 0 resource from src\test\resources to target\test-classes
2025-03-19 15:42:41,534 [Worker-19: Building] WARN  o.a.m.s.f.DefaultMavenResourcesFiltering - Using platform encoding (Cp1252 actually) to copy filtered resources, i.e. build is platform dependent!
2025-03-19 15:42:41,536 [Worker-19: Building] INFO  o.a.m.s.f.DefaultMavenResourcesFiltering - Copying 0 resource from src\main\resources to target\classes
2025-03-19 15:42:41,539 [Worker-19: Building] WARN  o.a.m.s.f.DefaultMavenResourcesFiltering - Using platform encoding (Cp1252 actually) to copy filtered resources, i.e. build is platform dependent!
2025-03-19 15:42:41,541 [Worker-19: Building] INFO  o.a.m.s.f.DefaultMavenResourcesFiltering - Copying 0 resource from src\test\resources to target\test-classes
2025-03-19 15:42:46,454 [Worker-18: Building] WARN  o.a.m.s.f.DefaultMavenResourcesFiltering - Using platform encoding (Cp1252 actually) to copy filtered resources, i.e. build is platform dependent!
2025-03-19 15:42:46,459 [Worker-18: Building] INFO  o.a.m.s.f.DefaultMavenResourcesFiltering - Copying 0 resource from src\main\resources to target\classes
2025-03-19 15:42:46,463 [Worker-18: Building] WARN  o.a.m.s.f.DefaultMavenResourcesFiltering - Using platform encoding (Cp1252 actually) to copy filtered resources, i.e. build is platform dependent!
2025-03-19 15:42:46,466 [Worker-18: Building] INFO  o.a.m.s.f.DefaultMavenResourcesFiltering - Copying 0 resource from src\test\resources to target\test-classes
2025-03-19 15:42:52,010 [Worker-19: Building] WARN  o.a.m.s.f.DefaultMavenResourcesFiltering - Using platform encoding (Cp1252 actually) to copy filtered resources, i.e. build is platform dependent!
2025-03-19 15:42:52,012 [Worker-19: Building] INFO  o.a.m.s.f.DefaultMavenResourcesFiltering - Copying 0 resource from src\main\resources to target\classes
2025-03-19 15:42:52,017 [Worker-19: Building] WARN  o.a.m.s.f.DefaultMavenResourcesFiltering - Using platform encoding (Cp1252 actually) to copy filtered resources, i.e. build is platform dependent!
2025-03-19 15:42:52,019 [Worker-19: Building] INFO  o.a.m.s.f.DefaultMavenResourcesFiltering - Copying 0 resource from src\test\resources to target\test-classes
2025-03-19 15:43:02,131 [Worker-14: Building] WARN  o.a.m.s.f.DefaultMavenResourcesFiltering - Using platform encoding (Cp1252 actually) to copy filtered resources, i.e. build is platform dependent!
2025-03-19 15:43:02,133 [Worker-14: Building] INFO  o.a.m.s.f.DefaultMavenResourcesFiltering - Copying 0 resource from src\main\resources to target\classes
2025-03-19 15:43:02,137 [Worker-14: Building] WARN  o.a.m.s.f.DefaultMavenResourcesFiltering - Using platform encoding (Cp1252 actually) to copy filtered resources, i.e. build is platform dependent!
2025-03-19 15:43:02,139 [Worker-14: Building] INFO  o.a.m.s.f.DefaultMavenResourcesFiltering - Copying 0 resource from src\test\resources to target\test-classes
2025-03-19 15:43:19,754 [Worker-20: Building] WARN  o.a.m.s.f.DefaultMavenResourcesFiltering - Using platform encoding (Cp1252 actually) to copy filtered resources, i.e. build is platform dependent!
2025-03-19 15:43:19,755 [Worker-20: Building] INFO  o.a.m.s.f.DefaultMavenResourcesFiltering - Copying 0 resource from src\main\resources to target\classes
2025-03-19 15:43:19,758 [Worker-20: Building] WARN  o.a.m.s.f.DefaultMavenResourcesFiltering - Using platform encoding (Cp1252 actually) to copy filtered resources, i.e. build is platform dependent!
2025-03-19 15:43:19,759 [Worker-20: Building] INFO  o.a.m.s.f.DefaultMavenResourcesFiltering - Copying 0 resource from src\test\resources to target\test-classes
2025-03-19 16:09:49,099 [Worker-20: Building] INFO  o.e.m.c.i.l.LifecycleMappingFactory - Using org.maven.ide.eclipse.wtp.WarLifecycleMapping lifecycle mapping for MavenProject: com.book:ecommerce:0.0.1-SNAPSHOT @ D:\Downloads\try\ecommerce\pom.xml.
2025-03-19 16:09:49,525 [Worker-20: Building] INFO  o.e.m.c.i.e.AbstractTransferListenerAdapter - Downloaded https://repo.maven.apache.org/maven2/com/razorpay/razorpay-java/1.3.11/razorpay-java-1.3.11.pom
2025-03-19 16:09:49,528 [Worker-20: Building] WARN  o.e.m.c.i.embedder.EclipseLogger - The POM for com.razorpay:razorpay-java:jar:1.3.11 is missing, no dependency information available
2025-03-19 16:09:49,907 [Worker-20: Building] INFO  o.e.m.c.i.e.AbstractTransferListenerAdapter - Downloaded https://repo.maven.apache.org/maven2/com/razorpay/razorpay-java/1.3.11/razorpay-java-1.3.11.jar
2025-03-19 16:09:50,596 [Worker-20: Building] WARN  o.a.m.s.f.DefaultMavenResourcesFiltering - Using platform encoding (Cp1252 actually) to copy filtered resources, i.e. build is platform dependent!
2025-03-19 16:09:50,599 [Worker-20: Building] INFO  o.a.m.s.f.DefaultMavenResourcesFiltering - Copying 0 resource from src\main\resources to target\classes
2025-03-19 16:09:50,603 [Worker-20: Building] WARN  o.a.m.s.f.DefaultMavenResourcesFiltering - Using platform encoding (Cp1252 actually) to copy filtered resources, i.e. build is platform dependent!
2025-03-19 16:09:50,604 [Worker-20: Building] INFO  o.a.m.s.f.DefaultMavenResourcesFiltering - Copying 0 resource from src\test\resources to target\test-classes
2025-03-19 16:09:50,605 [Worker-20: Building] INFO  o.e.m.w.i.f.ResourceFilteringBuildParticipant - Changed resources require a complete clean of filtered resources of ecommerce
2025-03-19 16:09:50,605 [Worker-20: Building] INFO  o.e.m.w.i.f.ResourceFilteringBuildParticipant - Executing resource filtering for ecommerce
2025-03-19 16:09:51,779 [Worker-24: Download sources and javadoc] INFO  o.e.m.c.i.e.AbstractTransferListenerAdapter - Downloaded https://repo.maven.apache.org/maven2/jstl/jstl/1.2/jstl-1.2-javadoc.jar
2025-03-19 16:09:51,784 [Worker-24: Download sources and javadoc] ERROR o.e.m.j.internal.DownloadSourcesJob - Could not download javadoc for jstl:jstl:1.2
org.eclipse.core.runtime.CoreException: Could not resolve artifact jstl:jstl:jar:javadoc:1.2
	at org.eclipse.m2e.core.internal.embedder.MavenImpl.lambda$6(MavenImpl.java:584)
	at org.eclipse.m2e.core.internal.embedder.MavenExecutionContext.executeBare(MavenExecutionContext.java:394)
	at org.eclipse.m2e.core.internal.embedder.MavenExecutionContext.execute(MavenExecutionContext.java:228)
	at org.eclipse.m2e.core.internal.embedder.MavenExecutionContext.execute(MavenExecutionContext.java:214)
	at org.eclipse.m2e.core.internal.embedder.MavenImpl.resolve(MavenImpl.java:553)
	at org.eclipse.m2e.core.internal.embedder.MavenImpl.resolve(MavenImpl.java:538)
	at org.eclipse.m2e.jdt.internal.DownloadSourcesJob.download(DownloadSourcesJob.java:308)
	at org.eclipse.m2e.jdt.internal.DownloadSourcesJob.downloadAttachments(DownloadSourcesJob.java:294)
	at org.eclipse.m2e.jdt.internal.DownloadSourcesJob.downloadMaven(DownloadSourcesJob.java:252)
	at org.eclipse.m2e.jdt.internal.DownloadSourcesJob.downloadFilesAndPopulateToUpdate(DownloadSourcesJob.java:220)
	at org.eclipse.m2e.jdt.internal.DownloadSourcesJob.lambda$0(DownloadSourcesJob.java:149)
	at org.eclipse.m2e.core.internal.embedder.MavenExecutionContext.executeBare(MavenExecutionContext.java:394)
	at org.eclipse.m2e.core.internal.embedder.MavenExecutionContext.execute(MavenExecutionContext.java:275)
	at org.eclipse.m2e.core.internal.embedder.MavenExecutionContext.execute(MavenExecutionContext.java:214)
	at org.eclipse.m2e.core.embedder.IMaven.execute(IMaven.java:294)
	at org.eclipse.m2e.jdt.internal.DownloadSourcesJob.run(DownloadSourcesJob.java:149)
	at org.eclipse.core.internal.jobs.Worker.run(Worker.java:63)
2025-03-19 16:10:13,667 [Worker-24: Building] INFO  o.e.m.c.i.l.LifecycleMappingFactory - Using org.maven.ide.eclipse.wtp.WarLifecycleMapping lifecycle mapping for MavenProject: com.book:ecommerce:0.0.1-SNAPSHOT @ D:\Downloads\try\ecommerce\pom.xml.
2025-03-19 16:10:14,223 [Worker-24: Building] WARN  o.a.m.s.f.DefaultMavenResourcesFiltering - Using platform encoding (Cp1252 actually) to copy filtered resources, i.e. build is platform dependent!
2025-03-19 16:10:14,226 [Worker-24: Building] INFO  o.a.m.s.f.DefaultMavenResourcesFiltering - Copying 0 resource from src\main\resources to target\classes
2025-03-19 16:10:14,230 [Worker-24: Building] WARN  o.a.m.s.f.DefaultMavenResourcesFiltering - Using platform encoding (Cp1252 actually) to copy filtered resources, i.e. build is platform dependent!
2025-03-19 16:10:14,230 [Worker-24: Building] INFO  o.a.m.s.f.DefaultMavenResourcesFiltering - Copying 0 resource from src\test\resources to target\test-classes
2025-03-19 16:10:14,231 [Worker-24: Building] INFO  o.e.m.w.i.f.ResourceFilteringBuildParticipant - Changed resources require a complete clean of filtered resources of ecommerce
2025-03-19 16:10:14,231 [Worker-24: Building] INFO  o.e.m.w.i.f.ResourceFilteringBuildParticipant - Executing resource filtering for ecommerce
2025-03-19 16:10:21,031 [Worker-24: Building] INFO  o.e.m.c.i.l.LifecycleMappingFactory - Using org.maven.ide.eclipse.wtp.WarLifecycleMapping lifecycle mapping for MavenProject: com.book:ecommerce:0.0.1-SNAPSHOT @ D:\Downloads\try\ecommerce\pom.xml.
2025-03-19 16:10:21,061 [Worker-24: Building] WARN  o.e.m.c.i.embedder.EclipseLogger - The POM for com.razorpay:razorpay-java:jar:1.3.11 is missing, no dependency information available
2025-03-19 16:10:21,589 [Worker-24: Building] WARN  o.a.m.s.f.DefaultMavenResourcesFiltering - Using platform encoding (Cp1252 actually) to copy filtered resources, i.e. build is platform dependent!
2025-03-19 16:10:21,592 [Worker-24: Building] INFO  o.a.m.s.f.DefaultMavenResourcesFiltering - Copying 0 resource from src\main\resources to target\classes
2025-03-19 16:10:21,599 [Worker-24: Building] WARN  o.a.m.s.f.DefaultMavenResourcesFiltering - Using platform encoding (Cp1252 actually) to copy filtered resources, i.e. build is platform dependent!
2025-03-19 16:10:21,600 [Worker-24: Building] INFO  o.a.m.s.f.DefaultMavenResourcesFiltering - Copying 0 resource from src\test\resources to target\test-classes
2025-03-19 16:10:21,601 [Worker-24: Building] INFO  o.e.m.w.i.f.ResourceFilteringBuildParticipant - Changed resources require a complete clean of filtered resources of ecommerce
2025-03-19 16:10:21,601 [Worker-24: Building] INFO  o.e.m.w.i.f.ResourceFilteringBuildParticipant - Executing resource filtering for ecommerce
2025-03-19 16:10:33,821 [Worker-18: Building] INFO  o.e.m.c.i.l.LifecycleMappingFactory - Using org.maven.ide.eclipse.wtp.WarLifecycleMapping lifecycle mapping for MavenProject: com.book:ecommerce:0.0.1-SNAPSHOT @ D:\Downloads\try\ecommerce\pom.xml.
2025-03-19 16:10:34,216 [Worker-18: Building] WARN  o.a.m.s.f.DefaultMavenResourcesFiltering - Using platform encoding (Cp1252 actually) to copy filtered resources, i.e. build is platform dependent!
2025-03-19 16:10:34,219 [Worker-18: Building] INFO  o.a.m.s.f.DefaultMavenResourcesFiltering - Copying 0 resource from src\main\resources to target\classes
2025-03-19 16:10:34,222 [Worker-18: Building] WARN  o.a.m.s.f.DefaultMavenResourcesFiltering - Using platform encoding (Cp1252 actually) to copy filtered resources, i.e. build is platform dependent!
2025-03-19 16:10:34,224 [Worker-18: Building] INFO  o.a.m.s.f.DefaultMavenResourcesFiltering - Copying 0 resource from src\test\resources to target\test-classes
2025-03-19 16:10:34,225 [Worker-18: Building] INFO  o.e.m.w.i.f.ResourceFilteringBuildParticipant - Changed resources require a complete clean of filtered resources of ecommerce
2025-03-19 16:10:34,225 [Worker-18: Building] INFO  o.e.m.w.i.f.ResourceFilteringBuildParticipant - Executing resource filtering for ecommerce
2025-03-19 16:10:48,725 [Worker-18: Building] INFO  o.e.m.c.i.l.LifecycleMappingFactory - Using org.maven.ide.eclipse.wtp.WarLifecycleMapping lifecycle mapping for MavenProject: com.book:ecommerce:0.0.1-SNAPSHOT @ D:\Downloads\try\ecommerce\pom.xml.
2025-03-19 16:10:48,760 [Worker-18: Building] WARN  o.e.m.c.i.embedder.EclipseLogger - The POM for com.razorpay:razorpay-java:jar:1.3.11 is missing, no dependency information available
2025-03-19 16:10:49,231 [Worker-18: Building] WARN  o.a.m.s.f.DefaultMavenResourcesFiltering - Using platform encoding (Cp1252 actually) to copy filtered resources, i.e. build is platform dependent!
2025-03-19 16:10:49,236 [Worker-18: Building] INFO  o.a.m.s.f.DefaultMavenResourcesFiltering - Copying 0 resource from src\main\resources to target\classes
2025-03-19 16:10:49,240 [Worker-18: Building] WARN  o.a.m.s.f.DefaultMavenResourcesFiltering - Using platform encoding (Cp1252 actually) to copy filtered resources, i.e. build is platform dependent!
2025-03-19 16:10:49,241 [Worker-18: Building] INFO  o.a.m.s.f.DefaultMavenResourcesFiltering - Copying 0 resource from src\test\resources to target\test-classes
2025-03-19 16:10:49,241 [Worker-18: Building] INFO  o.e.m.w.i.f.ResourceFilteringBuildParticipant - Changed resources require a complete clean of filtered resources of ecommerce
2025-03-19 16:10:49,242 [Worker-18: Building] INFO  o.e.m.w.i.f.ResourceFilteringBuildParticipant - Executing resource filtering for ecommerce
2025-03-19 16:11:17,719 [Worker-22: Building] INFO  o.e.m.c.i.l.LifecycleMappingFactory - Using org.maven.ide.eclipse.wtp.WarLifecycleMapping lifecycle mapping for MavenProject: com.book:ecommerce:0.0.1-SNAPSHOT @ D:\Downloads\try\ecommerce\pom.xml.
2025-03-19 16:11:18,199 [Worker-22: Building] WARN  o.a.m.s.f.DefaultMavenResourcesFiltering - Using platform encoding (Cp1252 actually) to copy filtered resources, i.e. build is platform dependent!
2025-03-19 16:11:18,202 [Worker-22: Building] INFO  o.a.m.s.f.DefaultMavenResourcesFiltering - Copying 0 resource from src\main\resources to target\classes
2025-03-19 16:11:18,206 [Worker-22: Building] WARN  o.a.m.s.f.DefaultMavenResourcesFiltering - Using platform encoding (Cp1252 actually) to copy filtered resources, i.e. build is platform dependent!
2025-03-19 16:11:18,207 [Worker-22: Building] INFO  o.a.m.s.f.DefaultMavenResourcesFiltering - Copying 0 resource from src\test\resources to target\test-classes
2025-03-19 16:11:18,208 [Worker-22: Building] INFO  o.e.m.w.i.f.ResourceFilteringBuildParticipant - Changed resources require a complete clean of filtered resources of ecommerce
2025-03-19 16:11:18,208 [Worker-22: Building] INFO  o.e.m.w.i.f.ResourceFilteringBuildParticipant - Executing resource filtering for ecommerce
2025-03-19 16:22:05,327 [Worker-25: Building] WARN  o.a.m.s.f.DefaultMavenResourcesFiltering - Using platform encoding (Cp1252 actually) to copy filtered resources, i.e. build is platform dependent!
2025-03-19 16:22:05,329 [Worker-25: Building] INFO  o.a.m.s.f.DefaultMavenResourcesFiltering - Copying 0 resource from src\main\resources to target\classes
2025-03-19 16:22:05,331 [Worker-25: Building] WARN  o.a.m.s.f.DefaultMavenResourcesFiltering - Using platform encoding (Cp1252 actually) to copy filtered resources, i.e. build is platform dependent!
2025-03-19 16:22:05,332 [Worker-25: Building] INFO  o.a.m.s.f.DefaultMavenResourcesFiltering - Copying 0 resource from src\test\resources to target\test-classes
2025-03-19 19:03:20,727 [Worker-1: Loading available Gradle versions] INFO  o.e.b.c.i.u.g.PublishedGradleVersions - Gradle version information cache is up-to-date. Trying to read.
2025-03-19 19:07:27,967 [Worker-13: Building] WARN  o.a.m.s.f.DefaultMavenResourcesFiltering - Using platform encoding (Cp1252 actually) to copy filtered resources, i.e. build is platform dependent!
2025-03-19 19:07:27,976 [Worker-13: Building] INFO  o.a.m.s.f.DefaultMavenResourcesFiltering - Copying 0 resource from src\main\resources to target\classes
2025-03-19 19:07:27,981 [Worker-13: Building] WARN  o.a.m.s.f.DefaultMavenResourcesFiltering - Using platform encoding (Cp1252 actually) to copy filtered resources, i.e. build is platform dependent!
2025-03-19 19:07:27,983 [Worker-13: Building] INFO  o.a.m.s.f.DefaultMavenResourcesFiltering - Copying 0 resource from src\test\resources to target\test-classes
2025-03-19 19:07:40,320 [Worker-4: Building] WARN  o.a.m.s.f.DefaultMavenResourcesFiltering - Using platform encoding (Cp1252 actually) to copy filtered resources, i.e. build is platform dependent!
2025-03-19 19:07:40,350 [Worker-4: Building] INFO  o.a.m.s.f.DefaultMavenResourcesFiltering - Copying 0 resource from src\main\resources to target\classes
2025-03-19 19:07:40,359 [Worker-4: Building] WARN  o.a.m.s.f.DefaultMavenResourcesFiltering - Using platform encoding (Cp1252 actually) to copy filtered resources, i.e. build is platform dependent!
2025-03-19 19:07:40,361 [Worker-4: Building] INFO  o.a.m.s.f.DefaultMavenResourcesFiltering - Copying 0 resource from src\test\resources to target\test-classes
2025-03-19 20:02:51,392 [Worker-28: Building] WARN  o.a.m.s.f.DefaultMavenResourcesFiltering - Using platform encoding (Cp1252 actually) to copy filtered resources, i.e. build is platform dependent!
2025-03-19 20:02:51,395 [Worker-28: Building] INFO  o.a.m.s.f.DefaultMavenResourcesFiltering - Copying 0 resource from src\main\resources to target\classes
2025-03-19 20:02:51,401 [Worker-28: Building] WARN  o.a.m.s.f.DefaultMavenResourcesFiltering - Using platform encoding (Cp1252 actually) to copy filtered resources, i.e. build is platform dependent!
2025-03-19 20:02:51,403 [Worker-28: Building] INFO  o.a.m.s.f.DefaultMavenResourcesFiltering - Copying 0 resource from src\test\resources to target\test-classes
2025-03-19 20:03:23,073 [Worker-27: Building] WARN  o.a.m.s.f.DefaultMavenResourcesFiltering - Using platform encoding (Cp1252 actually) to copy filtered resources, i.e. build is platform dependent!
2025-03-19 20:03:23,075 [Worker-27: Building] INFO  o.a.m.s.f.DefaultMavenResourcesFiltering - Copying 0 resource from src\main\resources to target\classes
2025-03-19 20:03:23,081 [Worker-27: Building] WARN  o.a.m.s.f.DefaultMavenResourcesFiltering - Using platform encoding (Cp1252 actually) to copy filtered resources, i.e. build is platform dependent!
2025-03-19 20:03:23,083 [Worker-27: Building] INFO  o.a.m.s.f.DefaultMavenResourcesFiltering - Copying 0 resource from src\test\resources to target\test-classes
2025-03-19 20:08:04,887 [Worker-28: Building] WARN  o.a.m.s.f.DefaultMavenResourcesFiltering - Using platform encoding (Cp1252 actually) to copy filtered resources, i.e. build is platform dependent!
2025-03-19 20:08:04,888 [Worker-28: Building] INFO  o.a.m.s.f.DefaultMavenResourcesFiltering - Copying 0 resource from src\main\resources to target\classes
2025-03-19 20:08:04,902 [Worker-28: Building] WARN  o.a.m.s.f.DefaultMavenResourcesFiltering - Using platform encoding (Cp1252 actually) to copy filtered resources, i.e. build is platform dependent!
2025-03-19 20:08:04,905 [Worker-28: Building] INFO  o.a.m.s.f.DefaultMavenResourcesFiltering - Copying 0 resource from src\test\resources to target\test-classes
2025-03-19 20:09:45,927 [Worker-32: Building] WARN  o.a.m.s.f.DefaultMavenResourcesFiltering - Using platform encoding (Cp1252 actually) to copy filtered resources, i.e. build is platform dependent!
2025-03-19 20:09:45,931 [Worker-32: Building] INFO  o.a.m.s.f.DefaultMavenResourcesFiltering - Copying 0 resource from src\main\resources to target\classes
2025-03-19 20:09:45,936 [Worker-32: Building] WARN  o.a.m.s.f.DefaultMavenResourcesFiltering - Using platform encoding (Cp1252 actually) to copy filtered resources, i.e. build is platform dependent!
2025-03-19 20:09:45,938 [Worker-32: Building] INFO  o.a.m.s.f.DefaultMavenResourcesFiltering - Copying 0 resource from src\test\resources to target\test-classes
2025-03-19 23:36:46,713 [Worker-2: Loading available Gradle versions] INFO  o.e.b.c.i.u.g.PublishedGradleVersions - Gradle version information cache is up-to-date. Trying to read.
2025-03-19 23:37:45,464 [Worker-7: Building] WARN  o.a.m.s.f.DefaultMavenResourcesFiltering - Using platform encoding (Cp1252 actually) to copy filtered resources, i.e. build is platform dependent!
2025-03-19 23:37:45,472 [Worker-7: Building] INFO  o.a.m.s.f.DefaultMavenResourcesFiltering - Copying 0 resource from src\main\resources to target\classes
2025-03-19 23:37:45,479 [Worker-7: Building] WARN  o.a.m.s.f.DefaultMavenResourcesFiltering - Using platform encoding (Cp1252 actually) to copy filtered resources, i.e. build is platform dependent!
2025-03-19 23:37:45,481 [Worker-7: Building] INFO  o.a.m.s.f.DefaultMavenResourcesFiltering - Copying 0 resource from src\test\resources to target\test-classes
2025-03-19 23:38:56,476 [Worker-9: Building] WARN  o.a.m.s.f.DefaultMavenResourcesFiltering - Using platform encoding (Cp1252 actually) to copy filtered resources, i.e. build is platform dependent!
2025-03-19 23:38:56,480 [Worker-9: Building] INFO  o.a.m.s.f.DefaultMavenResourcesFiltering - Copying 0 resource from src\main\resources to target\classes
2025-03-19 23:38:56,487 [Worker-9: Building] WARN  o.a.m.s.f.DefaultMavenResourcesFiltering - Using platform encoding (Cp1252 actually) to copy filtered resources, i.e. build is platform dependent!
2025-03-19 23:38:56,489 [Worker-9: Building] INFO  o.a.m.s.f.DefaultMavenResourcesFiltering - Copying 0 resource from src\test\resources to target\test-classes
2025-03-19 23:39:20,054 [Worker-4: Building] INFO  o.e.m.c.i.l.LifecycleMappingFactory - Using org.maven.ide.eclipse.wtp.WarLifecycleMapping lifecycle mapping for MavenProject: com.book:ecommerce:0.0.1-SNAPSHOT @ D:\Downloads\try\ecommerce\pom.xml.
2025-03-19 23:39:21,512 [Worker-4: Building] INFO  o.e.m.c.i.e.AbstractTransferListenerAdapter - Downloaded https://repo.maven.apache.org/maven2/com/razorpay/razorpay-java/x.y.z/razorpay-java-x.y.z.pom
2025-03-19 23:39:21,520 [Worker-4: Building] WARN  o.e.m.c.i.embedder.EclipseLogger - The POM for com.razorpay:razorpay-java:jar:x.y.z is missing, no dependency information available
2025-03-19 23:39:21,914 [Worker-4: Building] INFO  o.e.m.c.i.e.AbstractTransferListenerAdapter - Downloaded https://repo.maven.apache.org/maven2/com/razorpay/razorpay-java/x.y.z/razorpay-java-x.y.z.jar
2025-03-19 23:39:22,833 [Worker-4: Building] WARN  o.a.m.s.f.DefaultMavenResourcesFiltering - Using platform encoding (Cp1252 actually) to copy filtered resources, i.e. build is platform dependent!
2025-03-19 23:39:22,837 [Worker-4: Building] INFO  o.a.m.s.f.DefaultMavenResourcesFiltering - Copying 0 resource from src\main\resources to target\classes
2025-03-19 23:39:22,845 [Worker-4: Building] WARN  o.a.m.s.f.DefaultMavenResourcesFiltering - Using platform encoding (Cp1252 actually) to copy filtered resources, i.e. build is platform dependent!
2025-03-19 23:39:22,846 [Worker-4: Building] INFO  o.a.m.s.f.DefaultMavenResourcesFiltering - Copying 0 resource from src\test\resources to target\test-classes
2025-03-19 23:39:22,847 [Worker-4: Building] INFO  o.e.m.w.i.f.ResourceFilteringBuildParticipant - Changed resources require a complete clean of filtered resources of ecommerce
2025-03-19 23:39:22,848 [Worker-4: Building] INFO  o.e.m.w.i.f.ResourceFilteringBuildParticipant - Executing resource filtering for ecommerce
2025-03-19 23:39:24,863 [Worker-7: Download sources and javadoc] INFO  o.e.m.c.i.e.AbstractTransferListenerAdapter - Downloaded https://repo.maven.apache.org/maven2/com/razorpay/razorpay-java/x.y.z/razorpay-java-x.y.z-sources.jar
2025-03-19 23:39:24,873 [Worker-7: Download sources and javadoc] ERROR o.e.m.j.internal.DownloadSourcesJob - Could not download sources for com.razorpay:razorpay-java:x.y.z
org.eclipse.core.runtime.CoreException: Could not resolve artifact com.razorpay:razorpay-java:jar:sources:x.y.z
	at org.eclipse.m2e.core.internal.embedder.MavenImpl.lambda$6(MavenImpl.java:584)
	at org.eclipse.m2e.core.internal.embedder.MavenExecutionContext.executeBare(MavenExecutionContext.java:394)
	at org.eclipse.m2e.core.internal.embedder.MavenExecutionContext.execute(MavenExecutionContext.java:228)
	at org.eclipse.m2e.core.internal.embedder.MavenExecutionContext.execute(MavenExecutionContext.java:214)
	at org.eclipse.m2e.core.internal.embedder.MavenImpl.resolve(MavenImpl.java:553)
	at org.eclipse.m2e.core.internal.embedder.MavenImpl.resolve(MavenImpl.java:538)
	at org.eclipse.m2e.jdt.internal.DownloadSourcesJob.download(DownloadSourcesJob.java:308)
	at org.eclipse.m2e.jdt.internal.DownloadSourcesJob.downloadAttachments(DownloadSourcesJob.java:282)
	at org.eclipse.m2e.jdt.internal.DownloadSourcesJob.downloadMaven(DownloadSourcesJob.java:252)
	at org.eclipse.m2e.jdt.internal.DownloadSourcesJob.downloadFilesAndPopulateToUpdate(DownloadSourcesJob.java:220)
	at org.eclipse.m2e.jdt.internal.DownloadSourcesJob.lambda$0(DownloadSourcesJob.java:149)
	at org.eclipse.m2e.core.internal.embedder.MavenExecutionContext.executeBare(MavenExecutionContext.java:394)
	at org.eclipse.m2e.core.internal.embedder.MavenExecutionContext.execute(MavenExecutionContext.java:275)
	at org.eclipse.m2e.core.internal.embedder.MavenExecutionContext.execute(MavenExecutionContext.java:214)
	at org.eclipse.m2e.core.embedder.IMaven.execute(IMaven.java:294)
	at org.eclipse.m2e.jdt.internal.DownloadSourcesJob.run(DownloadSourcesJob.java:149)
	at org.eclipse.core.internal.jobs.Worker.run(Worker.java:63)
2025-03-19 23:40:09,645 [Worker-6: Building] INFO  o.e.m.c.i.l.LifecycleMappingFactory - Using org.maven.ide.eclipse.wtp.WarLifecycleMapping lifecycle mapping for MavenProject: com.book:ecommerce:0.0.1-SNAPSHOT @ D:\Downloads\try\ecommerce\pom.xml.
2025-03-19 23:40:09,713 [Worker-6: Building] WARN  o.e.m.c.i.embedder.EclipseLogger - The POM for com.razorpay:razorpay-java:jar:1.3.11 is missing, no dependency information available
2025-03-19 23:40:10,369 [Worker-6: Building] WARN  o.a.m.s.f.DefaultMavenResourcesFiltering - Using platform encoding (Cp1252 actually) to copy filtered resources, i.e. build is platform dependent!
2025-03-19 23:40:10,372 [Worker-6: Building] INFO  o.a.m.s.f.DefaultMavenResourcesFiltering - Copying 0 resource from src\main\resources to target\classes
2025-03-19 23:40:10,377 [Worker-6: Building] WARN  o.a.m.s.f.DefaultMavenResourcesFiltering - Using platform encoding (Cp1252 actually) to copy filtered resources, i.e. build is platform dependent!
2025-03-19 23:40:10,378 [Worker-6: Building] INFO  o.a.m.s.f.DefaultMavenResourcesFiltering - Copying 0 resource from src\test\resources to target\test-classes
2025-03-19 23:40:10,379 [Worker-6: Building] INFO  o.e.m.w.i.f.ResourceFilteringBuildParticipant - Changed resources require a complete clean of filtered resources of ecommerce
2025-03-19 23:40:10,379 [Worker-6: Building] INFO  o.e.m.w.i.f.ResourceFilteringBuildParticipant - Executing resource filtering for ecommerce
2025-03-19 23:40:23,126 [Worker-8: Building] INFO  o.e.m.c.i.l.LifecycleMappingFactory - Using org.maven.ide.eclipse.wtp.WarLifecycleMapping lifecycle mapping for MavenProject: com.book:ecommerce:0.0.1-SNAPSHOT @ D:\Downloads\try\ecommerce\pom.xml.
2025-03-19 23:40:23,718 [Worker-8: Building] WARN  o.a.m.s.f.DefaultMavenResourcesFiltering - Using platform encoding (Cp1252 actually) to copy filtered resources, i.e. build is platform dependent!
2025-03-19 23:40:23,722 [Worker-8: Building] INFO  o.a.m.s.f.DefaultMavenResourcesFiltering - Copying 0 resource from src\main\resources to target\classes
2025-03-19 23:40:23,727 [Worker-8: Building] WARN  o.a.m.s.f.DefaultMavenResourcesFiltering - Using platform encoding (Cp1252 actually) to copy filtered resources, i.e. build is platform dependent!
2025-03-19 23:40:23,728 [Worker-8: Building] INFO  o.a.m.s.f.DefaultMavenResourcesFiltering - Copying 0 resource from src\test\resources to target\test-classes
2025-03-19 23:40:23,729 [Worker-8: Building] INFO  o.e.m.w.i.f.ResourceFilteringBuildParticipant - Changed resources require a complete clean of filtered resources of ecommerce
2025-03-19 23:40:23,729 [Worker-8: Building] INFO  o.e.m.w.i.f.ResourceFilteringBuildParticipant - Executing resource filtering for ecommerce
2025-03-19 23:40:32,958 [Worker-8: Building] WARN  o.a.m.s.f.DefaultMavenResourcesFiltering - Using platform encoding (Cp1252 actually) to copy filtered resources, i.e. build is platform dependent!
2025-03-19 23:40:32,959 [Worker-8: Building] INFO  o.a.m.s.f.DefaultMavenResourcesFiltering - Copying 0 resource from src\main\resources to target\classes
2025-03-19 23:40:32,961 [Worker-8: Building] WARN  o.a.m.s.f.DefaultMavenResourcesFiltering - Using platform encoding (Cp1252 actually) to copy filtered resources, i.e. build is platform dependent!
2025-03-19 23:40:32,963 [Worker-8: Building] INFO  o.a.m.s.f.DefaultMavenResourcesFiltering - Copying 0 resource from src\test\resources to target\test-classes
2025-03-19 23:46:52,193 [Worker-8: Building] WARN  o.a.m.s.f.DefaultMavenResourcesFiltering - Using platform encoding (Cp1252 actually) to copy filtered resources, i.e. build is platform dependent!
2025-03-19 23:46:52,194 [Worker-8: Building] INFO  o.a.m.s.f.DefaultMavenResourcesFiltering - Copying 0 resource from src\main\resources to target\classes
2025-03-19 23:46:52,196 [Worker-8: Building] WARN  o.a.m.s.f.DefaultMavenResourcesFiltering - Using platform encoding (Cp1252 actually) to copy filtered resources, i.e. build is platform dependent!
2025-03-19 23:46:52,199 [Worker-8: Building] INFO  o.a.m.s.f.DefaultMavenResourcesFiltering - Copying 0 resource from src\test\resources to target\test-classes
2025-03-19 23:47:59,472 [Worker-8: Building] WARN  o.a.m.s.f.DefaultMavenResourcesFiltering - Using platform encoding (Cp1252 actually) to copy filtered resources, i.e. build is platform dependent!
2025-03-19 23:47:59,477 [Worker-8: Building] INFO  o.a.m.s.f.DefaultMavenResourcesFiltering - Copying 0 resource from src\main\resources to target\classes
2025-03-19 23:47:59,481 [Worker-8: Building] WARN  o.a.m.s.f.DefaultMavenResourcesFiltering - Using platform encoding (Cp1252 actually) to copy filtered resources, i.e. build is platform dependent!
2025-03-19 23:47:59,482 [Worker-8: Building] INFO  o.a.m.s.f.DefaultMavenResourcesFiltering - Copying 0 resource from src\test\resources to target\test-classes
2025-03-19 23:52:41,641 [Worker-17: Building] WARN  o.a.m.s.f.DefaultMavenResourcesFiltering - Using platform encoding (Cp1252 actually) to copy filtered resources, i.e. build is platform dependent!
2025-03-19 23:52:41,642 [Worker-17: Building] INFO  o.a.m.s.f.DefaultMavenResourcesFiltering - Copying 0 resource from src\main\resources to target\classes
2025-03-19 23:52:41,645 [Worker-17: Building] WARN  o.a.m.s.f.DefaultMavenResourcesFiltering - Using platform encoding (Cp1252 actually) to copy filtered resources, i.e. build is platform dependent!
2025-03-19 23:52:41,646 [Worker-17: Building] INFO  o.a.m.s.f.DefaultMavenResourcesFiltering - Copying 0 resource from src\test\resources to target\test-classes
2025-03-19 23:54:04,634 [Worker-17: Building] WARN  o.a.m.s.f.DefaultMavenResourcesFiltering - Using platform encoding (Cp1252 actually) to copy filtered resources, i.e. build is platform dependent!
2025-03-19 23:54:04,635 [Worker-17: Building] INFO  o.a.m.s.f.DefaultMavenResourcesFiltering - Copying 0 resource from src\main\resources to target\classes
2025-03-19 23:54:04,638 [Worker-17: Building] WARN  o.a.m.s.f.DefaultMavenResourcesFiltering - Using platform encoding (Cp1252 actually) to copy filtered resources, i.e. build is platform dependent!
2025-03-19 23:54:04,640 [Worker-17: Building] INFO  o.a.m.s.f.DefaultMavenResourcesFiltering - Copying 0 resource from src\test\resources to target\test-classes
2025-03-19 23:59:21,172 [Worker-18: Building] WARN  o.a.m.s.f.DefaultMavenResourcesFiltering - Using platform encoding (Cp1252 actually) to copy filtered resources, i.e. build is platform dependent!
2025-03-19 23:59:21,173 [Worker-18: Building] INFO  o.a.m.s.f.DefaultMavenResourcesFiltering - Copying 0 resource from src\main\resources to target\classes
2025-03-19 23:59:21,176 [Worker-18: Building] WARN  o.a.m.s.f.DefaultMavenResourcesFiltering - Using platform encoding (Cp1252 actually) to copy filtered resources, i.e. build is platform dependent!
2025-03-19 23:59:21,177 [Worker-18: Building] INFO  o.a.m.s.f.DefaultMavenResourcesFiltering - Copying 0 resource from src\test\resources to target\test-classes
2025-03-20 08:26:29,300 [Worker-1: Loading available Gradle versions] INFO  o.e.b.c.i.u.g.PublishedGradleVersions - Gradle version information cache is up-to-date. Trying to read.
2025-03-20 09:42:06,967 [Worker-1: Loading available Gradle versions] INFO  o.e.b.c.i.u.g.PublishedGradleVersions - Gradle version information cache is up-to-date. Trying to read.
2025-03-20 11:01:23,368 [Worker-1: Loading available Gradle versions] INFO  o.e.b.c.i.u.g.PublishedGradleVersions - Gradle version information cache is up-to-date. Trying to read.
2025-03-21 18:43:25,140 [Worker-1: Loading available Gradle versions] INFO  o.e.b.c.i.u.g.PublishedGradleVersions - Gradle version information cache is up-to-date. Trying to read.
2025-03-21 18:46:11,561 [Worker-4: Building] WARN  o.a.m.s.f.DefaultMavenResourcesFiltering - Using platform encoding (Cp1252 actually) to copy filtered resources, i.e. build is platform dependent!
2025-03-21 18:46:11,572 [Worker-4: Building] INFO  o.a.m.s.f.DefaultMavenResourcesFiltering - Copying 0 resource from src\main\resources to target\classes
2025-03-21 18:46:11,582 [Worker-4: Building] WARN  o.a.m.s.f.DefaultMavenResourcesFiltering - Using platform encoding (Cp1252 actually) to copy filtered resources, i.e. build is platform dependent!
2025-03-21 18:46:11,584 [Worker-4: Building] INFO  o.a.m.s.f.DefaultMavenResourcesFiltering - Copying 0 resource from src\test\resources to target\test-classes
2025-03-21 18:46:36,051 [Worker-14: Building] WARN  o.a.m.s.f.DefaultMavenResourcesFiltering - Using platform encoding (Cp1252 actually) to copy filtered resources, i.e. build is platform dependent!
2025-03-21 18:46:36,056 [Worker-14: Building] INFO  o.a.m.s.f.DefaultMavenResourcesFiltering - Copying 0 resource from src\main\resources to target\classes
2025-03-21 18:46:36,062 [Worker-14: Building] WARN  o.a.m.s.f.DefaultMavenResourcesFiltering - Using platform encoding (Cp1252 actually) to copy filtered resources, i.e. build is platform dependent!
2025-03-21 18:46:36,065 [Worker-14: Building] INFO  o.a.m.s.f.DefaultMavenResourcesFiltering - Copying 0 resource from src\test\resources to target\test-classes
2025-03-21 18:46:59,140 [Worker-15: Building] WARN  o.a.m.s.f.DefaultMavenResourcesFiltering - Using platform encoding (Cp1252 actually) to copy filtered resources, i.e. build is platform dependent!
2025-03-21 18:46:59,141 [Worker-15: Building] INFO  o.a.m.s.f.DefaultMavenResourcesFiltering - Copying 0 resource from src\main\resources to target\classes
2025-03-21 18:46:59,145 [Worker-15: Building] WARN  o.a.m.s.f.DefaultMavenResourcesFiltering - Using platform encoding (Cp1252 actually) to copy filtered resources, i.e. build is platform dependent!
2025-03-21 18:46:59,146 [Worker-15: Building] INFO  o.a.m.s.f.DefaultMavenResourcesFiltering - Copying 0 resource from src\test\resources to target\test-classes
2025-03-21 18:47:51,576 [Worker-2: Building] WARN  o.a.m.s.f.DefaultMavenResourcesFiltering - Using platform encoding (Cp1252 actually) to copy filtered resources, i.e. build is platform dependent!
2025-03-21 18:47:51,580 [Worker-2: Building] INFO  o.a.m.s.f.DefaultMavenResourcesFiltering - Copying 0 resource from src\main\resources to target\classes
2025-03-21 18:47:51,596 [Worker-2: Building] WARN  o.a.m.s.f.DefaultMavenResourcesFiltering - Using platform encoding (Cp1252 actually) to copy filtered resources, i.e. build is platform dependent!
2025-03-21 18:47:51,600 [Worker-2: Building] INFO  o.a.m.s.f.DefaultMavenResourcesFiltering - Copying 0 resource from src\test\resources to target\test-classes
2025-03-21 18:49:05,535 [Worker-2: Building] INFO  o.e.m.c.i.l.LifecycleMappingFactory - Using org.maven.ide.eclipse.wtp.WarLifecycleMapping lifecycle mapping for MavenProject: com.book:ecommerce:0.0.1-SNAPSHOT @ D:\Downloads\try\ecommerce\pom.xml.
2025-03-21 18:49:06,513 [Worker-2: Building] WARN  o.a.m.s.f.DefaultMavenResourcesFiltering - Using platform encoding (Cp1252 actually) to copy filtered resources, i.e. build is platform dependent!
2025-03-21 18:49:06,516 [Worker-2: Building] INFO  o.a.m.s.f.DefaultMavenResourcesFiltering - Copying 0 resource from src\main\resources to target\classes
2025-03-21 18:49:06,521 [Worker-2: Building] WARN  o.a.m.s.f.DefaultMavenResourcesFiltering - Using platform encoding (Cp1252 actually) to copy filtered resources, i.e. build is platform dependent!
2025-03-21 18:49:06,523 [Worker-2: Building] INFO  o.a.m.s.f.DefaultMavenResourcesFiltering - Copying 0 resource from src\test\resources to target\test-classes
2025-03-21 18:49:06,524 [Worker-2: Building] INFO  o.e.m.w.i.f.ResourceFilteringBuildParticipant - Changed resources require a complete clean of filtered resources of ecommerce
2025-03-21 18:49:06,527 [Worker-2: Building] INFO  o.e.m.w.i.f.ResourceFilteringBuildParticipant - Executing resource filtering for ecommerce
2025-03-22 10:02:33,734 [Worker-1: Loading available Gradle versions] INFO  o.e.b.c.i.u.g.PublishedGradleVersions - Gradle version information cache is up-to-date. Trying to read.
2025-03-22 10:04:03,927 [Worker-8: Building] WARN  o.a.m.s.f.DefaultMavenResourcesFiltering - Using platform encoding (Cp1252 actually) to copy filtered resources, i.e. build is platform dependent!
2025-03-22 10:04:03,933 [Worker-8: Building] INFO  o.a.m.s.f.DefaultMavenResourcesFiltering - Copying 0 resource from src\main\resources to target\classes
2025-03-22 10:04:03,945 [Worker-8: Building] WARN  o.a.m.s.f.DefaultMavenResourcesFiltering - Using platform encoding (Cp1252 actually) to copy filtered resources, i.e. build is platform dependent!
2025-03-22 10:04:03,947 [Worker-8: Building] INFO  o.a.m.s.f.DefaultMavenResourcesFiltering - Copying 0 resource from src\test\resources to target\test-classes
2025-03-22 10:04:26,207 [Worker-10: Building] WARN  o.a.m.s.f.DefaultMavenResourcesFiltering - Using platform encoding (Cp1252 actually) to copy filtered resources, i.e. build is platform dependent!
2025-03-22 10:04:26,210 [Worker-10: Building] INFO  o.a.m.s.f.DefaultMavenResourcesFiltering - Copying 0 resource from src\main\resources to target\classes
2025-03-22 10:04:26,214 [Worker-10: Building] WARN  o.a.m.s.f.DefaultMavenResourcesFiltering - Using platform encoding (Cp1252 actually) to copy filtered resources, i.e. build is platform dependent!
2025-03-22 10:04:26,215 [Worker-10: Building] INFO  o.a.m.s.f.DefaultMavenResourcesFiltering - Copying 0 resource from src\test\resources to target\test-classes
2025-03-22 10:22:46,047 [Worker-12: Building] WARN  o.a.m.s.f.DefaultMavenResourcesFiltering - Using platform encoding (Cp1252 actually) to copy filtered resources, i.e. build is platform dependent!
2025-03-22 10:22:46,050 [Worker-12: Building] INFO  o.a.m.s.f.DefaultMavenResourcesFiltering - Copying 0 resource from src\main\resources to target\classes
2025-03-22 10:22:46,056 [Worker-12: Building] WARN  o.a.m.s.f.DefaultMavenResourcesFiltering - Using platform encoding (Cp1252 actually) to copy filtered resources, i.e. build is platform dependent!
2025-03-22 10:22:46,059 [Worker-12: Building] INFO  o.a.m.s.f.DefaultMavenResourcesFiltering - Copying 0 resource from src\test\resources to target\test-classes
2025-03-22 10:24:07,133 [Worker-16: Building] WARN  o.a.m.s.f.DefaultMavenResourcesFiltering - Using platform encoding (Cp1252 actually) to copy filtered resources, i.e. build is platform dependent!
2025-03-22 10:24:07,134 [Worker-16: Building] INFO  o.a.m.s.f.DefaultMavenResourcesFiltering - Copying 0 resource from src\main\resources to target\classes
2025-03-22 10:24:07,137 [Worker-16: Building] WARN  o.a.m.s.f.DefaultMavenResourcesFiltering - Using platform encoding (Cp1252 actually) to copy filtered resources, i.e. build is platform dependent!
2025-03-22 10:24:07,139 [Worker-16: Building] INFO  o.a.m.s.f.DefaultMavenResourcesFiltering - Copying 0 resource from src\test\resources to target\test-classes
2025-03-22 10:24:23,889 [Worker-17: Building] WARN  o.a.m.s.f.DefaultMavenResourcesFiltering - Using platform encoding (Cp1252 actually) to copy filtered resources, i.e. build is platform dependent!
2025-03-22 10:24:23,891 [Worker-17: Building] INFO  o.a.m.s.f.DefaultMavenResourcesFiltering - Copying 0 resource from src\main\resources to target\classes
2025-03-22 10:24:23,896 [Worker-17: Building] WARN  o.a.m.s.f.DefaultMavenResourcesFiltering - Using platform encoding (Cp1252 actually) to copy filtered resources, i.e. build is platform dependent!
2025-03-22 10:24:23,903 [Worker-17: Building] INFO  o.a.m.s.f.DefaultMavenResourcesFiltering - Copying 0 resource from src\test\resources to target\test-classes
2025-03-22 10:25:56,092 [Worker-15: Building] WARN  o.a.m.s.f.DefaultMavenResourcesFiltering - Using platform encoding (Cp1252 actually) to copy filtered resources, i.e. build is platform dependent!
2025-03-22 10:25:56,097 [Worker-15: Building] INFO  o.a.m.s.f.DefaultMavenResourcesFiltering - Copying 0 resource from src\main\resources to target\classes
2025-03-22 10:25:56,109 [Worker-15: Building] WARN  o.a.m.s.f.DefaultMavenResourcesFiltering - Using platform encoding (Cp1252 actually) to copy filtered resources, i.e. build is platform dependent!
2025-03-22 10:25:56,111 [Worker-15: Building] INFO  o.a.m.s.f.DefaultMavenResourcesFiltering - Copying 0 resource from src\test\resources to target\test-classes
2025-03-22 10:26:42,797 [Worker-15: Building] WARN  o.a.m.s.f.DefaultMavenResourcesFiltering - Using platform encoding (Cp1252 actually) to copy filtered resources, i.e. build is platform dependent!
2025-03-22 10:26:42,798 [Worker-15: Building] INFO  o.a.m.s.f.DefaultMavenResourcesFiltering - Copying 0 resource from src\main\resources to target\classes
2025-03-22 10:26:42,802 [Worker-15: Building] WARN  o.a.m.s.f.DefaultMavenResourcesFiltering - Using platform encoding (Cp1252 actually) to copy filtered resources, i.e. build is platform dependent!
2025-03-22 10:26:42,803 [Worker-15: Building] INFO  o.a.m.s.f.DefaultMavenResourcesFiltering - Copying 0 resource from src\test\resources to target\test-classes
2025-03-22 10:27:02,233 [Worker-16: Building] WARN  o.a.m.s.f.DefaultMavenResourcesFiltering - Using platform encoding (Cp1252 actually) to copy filtered resources, i.e. build is platform dependent!
2025-03-22 10:27:02,235 [Worker-16: Building] INFO  o.a.m.s.f.DefaultMavenResourcesFiltering - Copying 0 resource from src\main\resources to target\classes
2025-03-22 10:27:02,246 [Worker-16: Building] WARN  o.a.m.s.f.DefaultMavenResourcesFiltering - Using platform encoding (Cp1252 actually) to copy filtered resources, i.e. build is platform dependent!
2025-03-22 10:27:02,248 [Worker-16: Building] INFO  o.a.m.s.f.DefaultMavenResourcesFiltering - Copying 0 resource from src\test\resources to target\test-classes
2025-03-22 10:28:29,995 [Worker-18: Building] WARN  o.a.m.s.f.DefaultMavenResourcesFiltering - Using platform encoding (Cp1252 actually) to copy filtered resources, i.e. build is platform dependent!
2025-03-22 10:28:29,997 [Worker-18: Building] INFO  o.a.m.s.f.DefaultMavenResourcesFiltering - Copying 0 resource from src\main\resources to target\classes
2025-03-22 10:28:30,002 [Worker-18: Building] WARN  o.a.m.s.f.DefaultMavenResourcesFiltering - Using platform encoding (Cp1252 actually) to copy filtered resources, i.e. build is platform dependent!
2025-03-22 10:28:30,005 [Worker-18: Building] INFO  o.a.m.s.f.DefaultMavenResourcesFiltering - Copying 0 resource from src\test\resources to target\test-classes
2025-03-22 10:31:34,499 [Worker-17: Building] WARN  o.a.m.s.f.DefaultMavenResourcesFiltering - Using platform encoding (Cp1252 actually) to copy filtered resources, i.e. build is platform dependent!
2025-03-22 10:31:34,500 [Worker-17: Building] INFO  o.a.m.s.f.DefaultMavenResourcesFiltering - Copying 0 resource from src\main\resources to target\classes
2025-03-22 10:31:34,504 [Worker-17: Building] WARN  o.a.m.s.f.DefaultMavenResourcesFiltering - Using platform encoding (Cp1252 actually) to copy filtered resources, i.e. build is platform dependent!
2025-03-22 10:31:34,506 [Worker-17: Building] INFO  o.a.m.s.f.DefaultMavenResourcesFiltering - Copying 0 resource from src\test\resources to target\test-classes
2025-03-22 10:33:34,047 [Worker-20: Building] WARN  o.a.m.s.f.DefaultMavenResourcesFiltering - Using platform encoding (Cp1252 actually) to copy filtered resources, i.e. build is platform dependent!
2025-03-22 10:33:34,048 [Worker-20: Building] INFO  o.a.m.s.f.DefaultMavenResourcesFiltering - Copying 0 resource from src\main\resources to target\classes
2025-03-22 10:33:34,053 [Worker-20: Building] WARN  o.a.m.s.f.DefaultMavenResourcesFiltering - Using platform encoding (Cp1252 actually) to copy filtered resources, i.e. build is platform dependent!
2025-03-22 10:33:34,054 [Worker-20: Building] INFO  o.a.m.s.f.DefaultMavenResourcesFiltering - Copying 0 resource from src\test\resources to target\test-classes
2025-03-22 10:33:38,286 [Worker-19: Building] WARN  o.a.m.s.f.DefaultMavenResourcesFiltering - Using platform encoding (Cp1252 actually) to copy filtered resources, i.e. build is platform dependent!
2025-03-22 10:33:38,287 [Worker-19: Building] INFO  o.a.m.s.f.DefaultMavenResourcesFiltering - Copying 0 resource from src\main\resources to target\classes
2025-03-22 10:33:38,290 [Worker-19: Building] WARN  o.a.m.s.f.DefaultMavenResourcesFiltering - Using platform encoding (Cp1252 actually) to copy filtered resources, i.e. build is platform dependent!
2025-03-22 10:33:38,291 [Worker-19: Building] INFO  o.a.m.s.f.DefaultMavenResourcesFiltering - Copying 0 resource from src\test\resources to target\test-classes
2025-03-22 10:33:57,945 [Worker-20: Building] WARN  o.a.m.s.f.DefaultMavenResourcesFiltering - Using platform encoding (Cp1252 actually) to copy filtered resources, i.e. build is platform dependent!
2025-03-22 10:33:57,948 [Worker-20: Building] INFO  o.a.m.s.f.DefaultMavenResourcesFiltering - Copying 0 resource from src\main\resources to target\classes
2025-03-22 10:33:57,951 [Worker-20: Building] WARN  o.a.m.s.f.DefaultMavenResourcesFiltering - Using platform encoding (Cp1252 actually) to copy filtered resources, i.e. build is platform dependent!
2025-03-22 10:33:57,953 [Worker-20: Building] INFO  o.a.m.s.f.DefaultMavenResourcesFiltering - Copying 0 resource from src\test\resources to target\test-classes
2025-03-22 10:34:36,966 [Worker-17: Building] WARN  o.a.m.s.f.DefaultMavenResourcesFiltering - Using platform encoding (Cp1252 actually) to copy filtered resources, i.e. build is platform dependent!
2025-03-22 10:34:36,967 [Worker-17: Building] INFO  o.a.m.s.f.DefaultMavenResourcesFiltering - Copying 0 resource from src\main\resources to target\classes
2025-03-22 10:34:36,973 [Worker-17: Building] WARN  o.a.m.s.f.DefaultMavenResourcesFiltering - Using platform encoding (Cp1252 actually) to copy filtered resources, i.e. build is platform dependent!
2025-03-22 10:34:36,974 [Worker-17: Building] INFO  o.a.m.s.f.DefaultMavenResourcesFiltering - Copying 0 resource from src\test\resources to target\test-classes
2025-03-22 13:27:09,373 [Worker-0: Loading available Gradle versions] INFO  o.e.b.c.i.u.g.PublishedGradleVersions - Gradle version information cache is up-to-date. Trying to read.
2025-03-23 13:04:52,423 [Worker-1: Loading available Gradle versions] INFO  o.e.b.c.i.u.g.PublishedGradleVersions - Gradle version information cache is up-to-date. Trying to read.
2025-03-31 00:08:38,531 [Worker-6: Loading available Gradle versions] INFO  o.e.b.c.i.u.g.PublishedGradleVersions - Gradle version information cache is out-of-date. Trying to update.
2025-03-31 21:01:45,141 [Worker-2: Loading available Gradle versions] INFO  o.e.b.c.i.u.g.PublishedGradleVersions - Gradle version information cache is up-to-date. Trying to read.
2025-03-31 21:03:21,891 [Worker-12: Building] WARN  o.a.m.s.f.DefaultMavenResourcesFiltering - Using platform encoding (Cp1252 actually) to copy filtered resources, i.e. build is platform dependent!
2025-03-31 21:03:21,899 [Worker-12: Building] INFO  o.a.m.s.f.DefaultMavenResourcesFiltering - Copying 0 resource from src\main\resources to target\classes
2025-03-31 21:03:21,910 [Worker-12: Building] WARN  o.a.m.s.f.DefaultMavenResourcesFiltering - Using platform encoding (Cp1252 actually) to copy filtered resources, i.e. build is platform dependent!
2025-03-31 21:03:21,914 [Worker-12: Building] INFO  o.a.m.s.f.DefaultMavenResourcesFiltering - Copying 0 resource from src\test\resources to target\test-classes
2025-03-31 21:04:54,898 [Worker-7: Building] WARN  o.a.m.s.f.DefaultMavenResourcesFiltering - Using platform encoding (Cp1252 actually) to copy filtered resources, i.e. build is platform dependent!
2025-03-31 21:04:54,902 [Worker-7: Building] INFO  o.a.m.s.f.DefaultMavenResourcesFiltering - Copying 0 resource from src\main\resources to target\classes
2025-03-31 21:04:54,908 [Worker-7: Building] WARN  o.a.m.s.f.DefaultMavenResourcesFiltering - Using platform encoding (Cp1252 actually) to copy filtered resources, i.e. build is platform dependent!
2025-03-31 21:04:54,910 [Worker-7: Building] INFO  o.a.m.s.f.DefaultMavenResourcesFiltering - Copying 0 resource from src\test\resources to target\test-classes
2025-03-31 21:04:59,346 [Worker-11: Building] WARN  o.a.m.s.f.DefaultMavenResourcesFiltering - Using platform encoding (Cp1252 actually) to copy filtered resources, i.e. build is platform dependent!
2025-03-31 21:04:59,347 [Worker-11: Building] INFO  o.a.m.s.f.DefaultMavenResourcesFiltering - Copying 0 resource from src\main\resources to target\classes
2025-03-31 21:04:59,351 [Worker-11: Building] WARN  o.a.m.s.f.DefaultMavenResourcesFiltering - Using platform encoding (Cp1252 actually) to copy filtered resources, i.e. build is platform dependent!
2025-03-31 21:04:59,353 [Worker-11: Building] INFO  o.a.m.s.f.DefaultMavenResourcesFiltering - Copying 0 resource from src\test\resources to target\test-classes
2025-03-31 21:05:56,764 [Worker-10: Building] WARN  o.a.m.s.f.DefaultMavenResourcesFiltering - Using platform encoding (Cp1252 actually) to copy filtered resources, i.e. build is platform dependent!
2025-03-31 21:05:56,770 [Worker-10: Building] INFO  o.a.m.s.f.DefaultMavenResourcesFiltering - Copying 0 resource from src\main\resources to target\classes
2025-03-31 21:05:56,774 [Worker-10: Building] WARN  o.a.m.s.f.DefaultMavenResourcesFiltering - Using platform encoding (Cp1252 actually) to copy filtered resources, i.e. build is platform dependent!
2025-03-31 21:05:56,775 [Worker-10: Building] INFO  o.a.m.s.f.DefaultMavenResourcesFiltering - Copying 0 resource from src\test\resources to target\test-classes
2025-03-31 21:07:32,237 [Worker-3: Building] WARN  o.a.m.s.f.DefaultMavenResourcesFiltering - Using platform encoding (Cp1252 actually) to copy filtered resources, i.e. build is platform dependent!
2025-03-31 21:07:32,239 [Worker-3: Building] INFO  o.a.m.s.f.DefaultMavenResourcesFiltering - Copying 0 resource from src\main\resources to target\classes
2025-03-31 21:07:32,249 [Worker-3: Building] WARN  o.a.m.s.f.DefaultMavenResourcesFiltering - Using platform encoding (Cp1252 actually) to copy filtered resources, i.e. build is platform dependent!
2025-03-31 21:07:32,251 [Worker-3: Building] INFO  o.a.m.s.f.DefaultMavenResourcesFiltering - Copying 0 resource from src\test\resources to target\test-classes
2025-03-31 21:08:11,573 [Worker-12: Building] WARN  o.a.m.s.f.DefaultMavenResourcesFiltering - Using platform encoding (Cp1252 actually) to copy filtered resources, i.e. build is platform dependent!
2025-03-31 21:08:11,575 [Worker-12: Building] INFO  o.a.m.s.f.DefaultMavenResourcesFiltering - Copying 0 resource from src\main\resources to target\classes
2025-03-31 21:08:11,578 [Worker-12: Building] WARN  o.a.m.s.f.DefaultMavenResourcesFiltering - Using platform encoding (Cp1252 actually) to copy filtered resources, i.e. build is platform dependent!
2025-03-31 21:08:11,579 [Worker-12: Building] INFO  o.a.m.s.f.DefaultMavenResourcesFiltering - Copying 0 resource from src\test\resources to target\test-classes
2025-03-31 21:08:46,291 [Worker-7: Building] WARN  o.a.m.s.f.DefaultMavenResourcesFiltering - Using platform encoding (Cp1252 actually) to copy filtered resources, i.e. build is platform dependent!
2025-03-31 21:08:46,292 [Worker-7: Building] INFO  o.a.m.s.f.DefaultMavenResourcesFiltering - Copying 0 resource from src\main\resources to target\classes
2025-03-31 21:08:46,295 [Worker-7: Building] WARN  o.a.m.s.f.DefaultMavenResourcesFiltering - Using platform encoding (Cp1252 actually) to copy filtered resources, i.e. build is platform dependent!
2025-03-31 21:08:46,296 [Worker-7: Building] INFO  o.a.m.s.f.DefaultMavenResourcesFiltering - Copying 0 resource from src\test\resources to target\test-classes
2025-03-31 21:13:51,207 [Worker-16: Building] WARN  o.a.m.s.f.DefaultMavenResourcesFiltering - Using platform encoding (Cp1252 actually) to copy filtered resources, i.e. build is platform dependent!
2025-03-31 21:13:51,210 [Worker-16: Building] INFO  o.a.m.s.f.DefaultMavenResourcesFiltering - Copying 0 resource from src\main\resources to target\classes
2025-03-31 21:13:51,222 [Worker-16: Building] WARN  o.a.m.s.f.DefaultMavenResourcesFiltering - Using platform encoding (Cp1252 actually) to copy filtered resources, i.e. build is platform dependent!
2025-03-31 21:13:51,225 [Worker-16: Building] INFO  o.a.m.s.f.DefaultMavenResourcesFiltering - Copying 0 resource from src\test\resources to target\test-classes
2025-03-31 21:14:57,137 [Worker-16: Building] WARN  o.a.m.s.f.DefaultMavenResourcesFiltering - Using platform encoding (Cp1252 actually) to copy filtered resources, i.e. build is platform dependent!
2025-03-31 21:14:57,139 [Worker-16: Building] INFO  o.a.m.s.f.DefaultMavenResourcesFiltering - Copying 0 resource from src\main\resources to target\classes
2025-03-31 21:14:57,143 [Worker-16: Building] WARN  o.a.m.s.f.DefaultMavenResourcesFiltering - Using platform encoding (Cp1252 actually) to copy filtered resources, i.e. build is platform dependent!
2025-03-31 21:14:57,145 [Worker-16: Building] INFO  o.a.m.s.f.DefaultMavenResourcesFiltering - Copying 0 resource from src\test\resources to target\test-classes
2025-03-31 21:15:14,366 [Worker-16: Building] WARN  o.a.m.s.f.DefaultMavenResourcesFiltering - Using platform encoding (Cp1252 actually) to copy filtered resources, i.e. build is platform dependent!
2025-03-31 21:15:14,367 [Worker-16: Building] INFO  o.a.m.s.f.DefaultMavenResourcesFiltering - Copying 0 resource from src\main\resources to target\classes
2025-03-31 21:15:14,370 [Worker-16: Building] WARN  o.a.m.s.f.DefaultMavenResourcesFiltering - Using platform encoding (Cp1252 actually) to copy filtered resources, i.e. build is platform dependent!
2025-03-31 21:15:14,371 [Worker-16: Building] INFO  o.a.m.s.f.DefaultMavenResourcesFiltering - Copying 0 resource from src\test\resources to target\test-classes
2025-03-31 21:17:25,434 [Worker-19: Building] WARN  o.a.m.s.f.DefaultMavenResourcesFiltering - Using platform encoding (Cp1252 actually) to copy filtered resources, i.e. build is platform dependent!
2025-03-31 21:17:25,435 [Worker-19: Building] INFO  o.a.m.s.f.DefaultMavenResourcesFiltering - Copying 0 resource from src\main\resources to target\classes
2025-03-31 21:17:25,437 [Worker-19: Building] WARN  o.a.m.s.f.DefaultMavenResourcesFiltering - Using platform encoding (Cp1252 actually) to copy filtered resources, i.e. build is platform dependent!
2025-03-31 21:17:25,439 [Worker-19: Building] INFO  o.a.m.s.f.DefaultMavenResourcesFiltering - Copying 0 resource from src\test\resources to target\test-classes
2025-03-31 21:19:24,702 [Worker-21: Building] WARN  o.a.m.s.f.DefaultMavenResourcesFiltering - Using platform encoding (Cp1252 actually) to copy filtered resources, i.e. build is platform dependent!
2025-03-31 21:19:24,703 [Worker-21: Building] INFO  o.a.m.s.f.DefaultMavenResourcesFiltering - Copying 0 resource from src\main\resources to target\classes
2025-03-31 21:19:24,705 [Worker-21: Building] WARN  o.a.m.s.f.DefaultMavenResourcesFiltering - Using platform encoding (Cp1252 actually) to copy filtered resources, i.e. build is platform dependent!
2025-03-31 21:19:24,706 [Worker-21: Building] INFO  o.a.m.s.f.DefaultMavenResourcesFiltering - Copying 0 resource from src\test\resources to target\test-classes
2025-03-31 21:19:52,637 [Worker-19: Building] WARN  o.a.m.s.f.DefaultMavenResourcesFiltering - Using platform encoding (Cp1252 actually) to copy filtered resources, i.e. build is platform dependent!
2025-03-31 21:19:52,639 [Worker-19: Building] INFO  o.a.m.s.f.DefaultMavenResourcesFiltering - Copying 0 resource from src\main\resources to target\classes
2025-03-31 21:19:52,642 [Worker-19: Building] WARN  o.a.m.s.f.DefaultMavenResourcesFiltering - Using platform encoding (Cp1252 actually) to copy filtered resources, i.e. build is platform dependent!
2025-03-31 21:19:52,644 [Worker-19: Building] INFO  o.a.m.s.f.DefaultMavenResourcesFiltering - Copying 0 resource from src\test\resources to target\test-classes
2025-03-31 21:20:10,605 [Worker-21: Building] WARN  o.a.m.s.f.DefaultMavenResourcesFiltering - Using platform encoding (Cp1252 actually) to copy filtered resources, i.e. build is platform dependent!
2025-03-31 21:20:10,607 [Worker-21: Building] INFO  o.a.m.s.f.DefaultMavenResourcesFiltering - Copying 0 resource from src\main\resources to target\classes
2025-03-31 21:20:10,610 [Worker-21: Building] WARN  o.a.m.s.f.DefaultMavenResourcesFiltering - Using platform encoding (Cp1252 actually) to copy filtered resources, i.e. build is platform dependent!
2025-03-31 21:20:10,611 [Worker-21: Building] INFO  o.a.m.s.f.DefaultMavenResourcesFiltering - Copying 0 resource from src\test\resources to target\test-classes
2025-03-31 21:20:27,466 [Worker-24: Building] WARN  o.a.m.s.f.DefaultMavenResourcesFiltering - Using platform encoding (Cp1252 actually) to copy filtered resources, i.e. build is platform dependent!
2025-03-31 21:20:27,467 [Worker-24: Building] INFO  o.a.m.s.f.DefaultMavenResourcesFiltering - Copying 0 resource from src\main\resources to target\classes
2025-03-31 21:20:27,470 [Worker-24: Building] WARN  o.a.m.s.f.DefaultMavenResourcesFiltering - Using platform encoding (Cp1252 actually) to copy filtered resources, i.e. build is platform dependent!
2025-03-31 21:20:27,471 [Worker-24: Building] INFO  o.a.m.s.f.DefaultMavenResourcesFiltering - Copying 0 resource from src\test\resources to target\test-classes
2025-03-31 21:21:09,292 [Worker-24: Building] WARN  o.a.m.s.f.DefaultMavenResourcesFiltering - Using platform encoding (Cp1252 actually) to copy filtered resources, i.e. build is platform dependent!
2025-03-31 21:21:09,293 [Worker-24: Building] INFO  o.a.m.s.f.DefaultMavenResourcesFiltering - Copying 0 resource from src\main\resources to target\classes
2025-03-31 21:21:09,298 [Worker-24: Building] WARN  o.a.m.s.f.DefaultMavenResourcesFiltering - Using platform encoding (Cp1252 actually) to copy filtered resources, i.e. build is platform dependent!
2025-03-31 21:21:09,301 [Worker-24: Building] INFO  o.a.m.s.f.DefaultMavenResourcesFiltering - Copying 0 resource from src\test\resources to target\test-classes
2025-03-31 21:23:45,244 [Worker-22: Building] WARN  o.a.m.s.f.DefaultMavenResourcesFiltering - Using platform encoding (Cp1252 actually) to copy filtered resources, i.e. build is platform dependent!
2025-03-31 21:23:45,245 [Worker-22: Building] INFO  o.a.m.s.f.DefaultMavenResourcesFiltering - Copying 0 resource from src\main\resources to target\classes
2025-03-31 21:23:45,254 [Worker-22: Building] WARN  o.a.m.s.f.DefaultMavenResourcesFiltering - Using platform encoding (Cp1252 actually) to copy filtered resources, i.e. build is platform dependent!
2025-03-31 21:23:45,256 [Worker-22: Building] INFO  o.a.m.s.f.DefaultMavenResourcesFiltering - Copying 0 resource from src\test\resources to target\test-classes
2025-03-31 21:24:43,601 [Worker-25: Building] WARN  o.a.m.s.f.DefaultMavenResourcesFiltering - Using platform encoding (Cp1252 actually) to copy filtered resources, i.e. build is platform dependent!
2025-03-31 21:24:43,602 [Worker-25: Building] INFO  o.a.m.s.f.DefaultMavenResourcesFiltering - Copying 0 resource from src\main\resources to target\classes
2025-03-31 21:24:43,604 [Worker-25: Building] WARN  o.a.m.s.f.DefaultMavenResourcesFiltering - Using platform encoding (Cp1252 actually) to copy filtered resources, i.e. build is platform dependent!
2025-03-31 21:24:43,605 [Worker-25: Building] INFO  o.a.m.s.f.DefaultMavenResourcesFiltering - Copying 0 resource from src\test\resources to target\test-classes
2025-03-31 21:29:00,183 [Worker-25: Building] WARN  o.a.m.s.f.DefaultMavenResourcesFiltering - Using platform encoding (Cp1252 actually) to copy filtered resources, i.e. build is platform dependent!
2025-03-31 21:29:00,184 [Worker-25: Building] INFO  o.a.m.s.f.DefaultMavenResourcesFiltering - Copying 0 resource from src\main\resources to target\classes
2025-03-31 21:29:00,187 [Worker-25: Building] WARN  o.a.m.s.f.DefaultMavenResourcesFiltering - Using platform encoding (Cp1252 actually) to copy filtered resources, i.e. build is platform dependent!
2025-03-31 21:29:00,188 [Worker-25: Building] INFO  o.a.m.s.f.DefaultMavenResourcesFiltering - Copying 0 resource from src\test\resources to target\test-classes
2025-03-31 21:29:23,991 [Worker-25: Building] WARN  o.a.m.s.f.DefaultMavenResourcesFiltering - Using platform encoding (Cp1252 actually) to copy filtered resources, i.e. build is platform dependent!
2025-03-31 21:29:23,992 [Worker-25: Building] INFO  o.a.m.s.f.DefaultMavenResourcesFiltering - Copying 0 resource from src\main\resources to target\classes
2025-03-31 21:29:23,994 [Worker-25: Building] WARN  o.a.m.s.f.DefaultMavenResourcesFiltering - Using platform encoding (Cp1252 actually) to copy filtered resources, i.e. build is platform dependent!
2025-03-31 21:29:23,996 [Worker-25: Building] INFO  o.a.m.s.f.DefaultMavenResourcesFiltering - Copying 0 resource from src\test\resources to target\test-classes
2025-03-31 21:30:08,474 [Worker-12: Building] WARN  o.a.m.s.f.DefaultMavenResourcesFiltering - Using platform encoding (Cp1252 actually) to copy filtered resources, i.e. build is platform dependent!
2025-03-31 21:30:08,475 [Worker-12: Building] INFO  o.a.m.s.f.DefaultMavenResourcesFiltering - Copying 0 resource from src\main\resources to target\classes
2025-03-31 21:30:08,478 [Worker-12: Building] WARN  o.a.m.s.f.DefaultMavenResourcesFiltering - Using platform encoding (Cp1252 actually) to copy filtered resources, i.e. build is platform dependent!
2025-03-31 21:30:08,479 [Worker-12: Building] INFO  o.a.m.s.f.DefaultMavenResourcesFiltering - Copying 0 resource from src\test\resources to target\test-classes
2025-03-31 21:31:01,101 [Worker-12: Building] WARN  o.a.m.s.f.DefaultMavenResourcesFiltering - Using platform encoding (Cp1252 actually) to copy filtered resources, i.e. build is platform dependent!
2025-03-31 21:31:01,103 [Worker-12: Building] INFO  o.a.m.s.f.DefaultMavenResourcesFiltering - Copying 0 resource from src\main\resources to target\classes
2025-03-31 21:31:01,105 [Worker-12: Building] WARN  o.a.m.s.f.DefaultMavenResourcesFiltering - Using platform encoding (Cp1252 actually) to copy filtered resources, i.e. build is platform dependent!
2025-03-31 21:31:01,106 [Worker-12: Building] INFO  o.a.m.s.f.DefaultMavenResourcesFiltering - Copying 0 resource from src\test\resources to target\test-classes
2025-03-31 21:31:08,612 [Worker-12: Building] WARN  o.a.m.s.f.DefaultMavenResourcesFiltering - Using platform encoding (Cp1252 actually) to copy filtered resources, i.e. build is platform dependent!
2025-03-31 21:31:08,613 [Worker-12: Building] INFO  o.a.m.s.f.DefaultMavenResourcesFiltering - Copying 0 resource from src\main\resources to target\classes
2025-03-31 21:31:08,616 [Worker-12: Building] WARN  o.a.m.s.f.DefaultMavenResourcesFiltering - Using platform encoding (Cp1252 actually) to copy filtered resources, i.e. build is platform dependent!
2025-03-31 21:31:08,617 [Worker-12: Building] INFO  o.a.m.s.f.DefaultMavenResourcesFiltering - Copying 0 resource from src\test\resources to target\test-classes
2025-03-31 21:31:23,666 [Worker-29: Building] WARN  o.a.m.s.f.DefaultMavenResourcesFiltering - Using platform encoding (Cp1252 actually) to copy filtered resources, i.e. build is platform dependent!
2025-03-31 21:31:23,667 [Worker-29: Building] INFO  o.a.m.s.f.DefaultMavenResourcesFiltering - Copying 0 resource from src\main\resources to target\classes
2025-03-31 21:31:23,669 [Worker-29: Building] WARN  o.a.m.s.f.DefaultMavenResourcesFiltering - Using platform encoding (Cp1252 actually) to copy filtered resources, i.e. build is platform dependent!
2025-03-31 21:31:23,670 [Worker-29: Building] INFO  o.a.m.s.f.DefaultMavenResourcesFiltering - Copying 0 resource from src\test\resources to target\test-classes
2025-04-02 08:38:44,113 [Worker-4: Loading available Gradle versions] INFO  o.e.b.c.i.u.g.PublishedGradleVersions - Gradle version information cache is out-of-date. Trying to update.
2025-04-02 08:38:44,507 [Worker-4: Loading available Gradle versions] INFO  o.e.b.c.i.u.g.PublishedGradleVersions - Updating Gradle version information cache failed. Using outdated cache.
2025-04-02 08:41:19,577 [Worker-10: Building] WARN  o.a.m.s.f.DefaultMavenResourcesFiltering - Using platform encoding (Cp1252 actually) to copy filtered resources, i.e. build is platform dependent!
2025-04-02 08:41:19,585 [Worker-10: Building] INFO  o.a.m.s.f.DefaultMavenResourcesFiltering - Copying 0 resource from src\main\resources to target\classes
2025-04-02 08:41:19,592 [Worker-10: Building] WARN  o.a.m.s.f.DefaultMavenResourcesFiltering - Using platform encoding (Cp1252 actually) to copy filtered resources, i.e. build is platform dependent!
2025-04-02 08:41:19,593 [Worker-10: Building] INFO  o.a.m.s.f.DefaultMavenResourcesFiltering - Copying 0 resource from src\test\resources to target\test-classes
2025-04-02 08:45:02,469 [Worker-17: Building] WARN  o.a.m.s.f.DefaultMavenResourcesFiltering - Using platform encoding (Cp1252 actually) to copy filtered resources, i.e. build is platform dependent!
2025-04-02 08:45:02,472 [Worker-17: Building] INFO  o.a.m.s.f.DefaultMavenResourcesFiltering - Copying 0 resource from src\main\resources to target\classes
2025-04-02 08:45:02,477 [Worker-17: Building] WARN  o.a.m.s.f.DefaultMavenResourcesFiltering - Using platform encoding (Cp1252 actually) to copy filtered resources, i.e. build is platform dependent!
2025-04-02 08:45:02,479 [Worker-17: Building] INFO  o.a.m.s.f.DefaultMavenResourcesFiltering - Copying 0 resource from src\test\resources to target\test-classes
2025-04-02 08:51:07,552 [Worker-14: Building] WARN  o.a.m.s.f.DefaultMavenResourcesFiltering - Using platform encoding (Cp1252 actually) to copy filtered resources, i.e. build is platform dependent!
2025-04-02 08:51:07,553 [Worker-14: Building] INFO  o.a.m.s.f.DefaultMavenResourcesFiltering - Copying 0 resource from src\main\resources to target\classes
2025-04-02 08:51:07,557 [Worker-14: Building] WARN  o.a.m.s.f.DefaultMavenResourcesFiltering - Using platform encoding (Cp1252 actually) to copy filtered resources, i.e. build is platform dependent!
2025-04-02 08:51:07,560 [Worker-14: Building] INFO  o.a.m.s.f.DefaultMavenResourcesFiltering - Copying 0 resource from src\test\resources to target\test-classes
2025-04-02 08:51:55,754 [Worker-14: Building] WARN  o.a.m.s.f.DefaultMavenResourcesFiltering - Using platform encoding (Cp1252 actually) to copy filtered resources, i.e. build is platform dependent!
2025-04-02 08:51:55,755 [Worker-14: Building] INFO  o.a.m.s.f.DefaultMavenResourcesFiltering - Copying 0 resource from src\main\resources to target\classes
2025-04-02 08:51:55,758 [Worker-14: Building] WARN  o.a.m.s.f.DefaultMavenResourcesFiltering - Using platform encoding (Cp1252 actually) to copy filtered resources, i.e. build is platform dependent!
2025-04-02 08:51:55,760 [Worker-14: Building] INFO  o.a.m.s.f.DefaultMavenResourcesFiltering - Copying 0 resource from src\test\resources to target\test-classes
2025-04-02 08:52:17,765 [Worker-18: Building] WARN  o.a.m.s.f.DefaultMavenResourcesFiltering - Using platform encoding (Cp1252 actually) to copy filtered resources, i.e. build is platform dependent!
2025-04-02 08:52:17,767 [Worker-18: Building] INFO  o.a.m.s.f.DefaultMavenResourcesFiltering - Copying 0 resource from src\main\resources to target\classes
2025-04-02 08:52:17,769 [Worker-18: Building] WARN  o.a.m.s.f.DefaultMavenResourcesFiltering - Using platform encoding (Cp1252 actually) to copy filtered resources, i.e. build is platform dependent!
2025-04-02 08:52:17,771 [Worker-18: Building] INFO  o.a.m.s.f.DefaultMavenResourcesFiltering - Copying 0 resource from src\test\resources to target\test-classes
2025-04-02 08:55:36,324 [Worker-15: Building] WARN  o.a.m.s.f.DefaultMavenResourcesFiltering - Using platform encoding (Cp1252 actually) to copy filtered resources, i.e. build is platform dependent!
2025-04-02 08:55:36,327 [Worker-15: Building] INFO  o.a.m.s.f.DefaultMavenResourcesFiltering - Copying 0 resource from src\main\resources to target\classes
2025-04-02 08:55:36,331 [Worker-15: Building] WARN  o.a.m.s.f.DefaultMavenResourcesFiltering - Using platform encoding (Cp1252 actually) to copy filtered resources, i.e. build is platform dependent!
2025-04-02 08:55:36,332 [Worker-15: Building] INFO  o.a.m.s.f.DefaultMavenResourcesFiltering - Copying 0 resource from src\test\resources to target\test-classes
2025-04-02 08:55:44,243 [Worker-15: Building] WARN  o.a.m.s.f.DefaultMavenResourcesFiltering - Using platform encoding (Cp1252 actually) to copy filtered resources, i.e. build is platform dependent!
2025-04-02 08:55:44,245 [Worker-15: Building] INFO  o.a.m.s.f.DefaultMavenResourcesFiltering - Copying 0 resource from src\main\resources to target\classes
2025-04-02 08:55:44,270 [Worker-15: Building] WARN  o.a.m.s.f.DefaultMavenResourcesFiltering - Using platform encoding (Cp1252 actually) to copy filtered resources, i.e. build is platform dependent!
2025-04-02 08:55:44,272 [Worker-15: Building] INFO  o.a.m.s.f.DefaultMavenResourcesFiltering - Copying 0 resource from src\test\resources to target\test-classes
2025-04-02 08:56:44,337 [Worker-18: Building] WARN  o.a.m.s.f.DefaultMavenResourcesFiltering - Using platform encoding (Cp1252 actually) to copy filtered resources, i.e. build is platform dependent!
2025-04-02 08:56:44,338 [Worker-18: Building] INFO  o.a.m.s.f.DefaultMavenResourcesFiltering - Copying 0 resource from src\main\resources to target\classes
2025-04-02 08:56:44,356 [Worker-18: Building] WARN  o.a.m.s.f.DefaultMavenResourcesFiltering - Using platform encoding (Cp1252 actually) to copy filtered resources, i.e. build is platform dependent!
2025-04-02 08:56:44,357 [Worker-18: Building] INFO  o.a.m.s.f.DefaultMavenResourcesFiltering - Copying 0 resource from src\test\resources to target\test-classes
2025-04-02 08:57:05,254 [Worker-22: Building] WARN  o.a.m.s.f.DefaultMavenResourcesFiltering - Using platform encoding (Cp1252 actually) to copy filtered resources, i.e. build is platform dependent!
2025-04-02 08:57:05,256 [Worker-22: Building] INFO  o.a.m.s.f.DefaultMavenResourcesFiltering - Copying 0 resource from src\main\resources to target\classes
2025-04-02 08:57:05,260 [Worker-22: Building] WARN  o.a.m.s.f.DefaultMavenResourcesFiltering - Using platform encoding (Cp1252 actually) to copy filtered resources, i.e. build is platform dependent!
2025-04-02 08:57:05,262 [Worker-22: Building] INFO  o.a.m.s.f.DefaultMavenResourcesFiltering - Copying 0 resource from src\test\resources to target\test-classes
2025-04-02 08:58:24,616 [Worker-15: Building] WARN  o.a.m.s.f.DefaultMavenResourcesFiltering - Using platform encoding (Cp1252 actually) to copy filtered resources, i.e. build is platform dependent!
2025-04-02 08:58:24,617 [Worker-15: Building] INFO  o.a.m.s.f.DefaultMavenResourcesFiltering - Copying 0 resource from src\main\resources to target\classes
2025-04-02 08:58:24,620 [Worker-15: Building] WARN  o.a.m.s.f.DefaultMavenResourcesFiltering - Using platform encoding (Cp1252 actually) to copy filtered resources, i.e. build is platform dependent!
2025-04-02 08:58:24,621 [Worker-15: Building] INFO  o.a.m.s.f.DefaultMavenResourcesFiltering - Copying 0 resource from src\test\resources to target\test-classes
2025-04-02 09:02:21,379 [Worker-26: Building] WARN  o.a.m.s.f.DefaultMavenResourcesFiltering - Using platform encoding (Cp1252 actually) to copy filtered resources, i.e. build is platform dependent!
2025-04-02 09:02:21,382 [Worker-26: Building] INFO  o.a.m.s.f.DefaultMavenResourcesFiltering - Copying 0 resource from src\main\resources to target\classes
2025-04-02 09:02:21,387 [Worker-26: Building] WARN  o.a.m.s.f.DefaultMavenResourcesFiltering - Using platform encoding (Cp1252 actually) to copy filtered resources, i.e. build is platform dependent!
2025-04-02 09:02:21,388 [Worker-26: Building] INFO  o.a.m.s.f.DefaultMavenResourcesFiltering - Copying 0 resource from src\test\resources to target\test-classes
2025-04-02 09:03:07,814 [Worker-21: Building] WARN  o.a.m.s.f.DefaultMavenResourcesFiltering - Using platform encoding (Cp1252 actually) to copy filtered resources, i.e. build is platform dependent!
2025-04-02 09:03:07,817 [Worker-21: Building] INFO  o.a.m.s.f.DefaultMavenResourcesFiltering - Copying 0 resource from src\main\resources to target\classes
2025-04-02 09:03:07,820 [Worker-21: Building] WARN  o.a.m.s.f.DefaultMavenResourcesFiltering - Using platform encoding (Cp1252 actually) to copy filtered resources, i.e. build is platform dependent!
2025-04-02 09:03:07,821 [Worker-21: Building] INFO  o.a.m.s.f.DefaultMavenResourcesFiltering - Copying 0 resource from src\test\resources to target\test-classes
2025-04-02 09:03:37,328 [Worker-23: Building] WARN  o.a.m.s.f.DefaultMavenResourcesFiltering - Using platform encoding (Cp1252 actually) to copy filtered resources, i.e. build is platform dependent!
2025-04-02 09:03:37,329 [Worker-23: Building] INFO  o.a.m.s.f.DefaultMavenResourcesFiltering - Copying 0 resource from src\main\resources to target\classes
2025-04-02 09:03:37,332 [Worker-23: Building] WARN  o.a.m.s.f.DefaultMavenResourcesFiltering - Using platform encoding (Cp1252 actually) to copy filtered resources, i.e. build is platform dependent!
2025-04-02 09:03:37,333 [Worker-23: Building] INFO  o.a.m.s.f.DefaultMavenResourcesFiltering - Copying 0 resource from src\test\resources to target\test-classes
2025-04-02 09:05:26,733 [Worker-24: Building] WARN  o.a.m.s.f.DefaultMavenResourcesFiltering - Using platform encoding (Cp1252 actually) to copy filtered resources, i.e. build is platform dependent!
2025-04-02 09:05:26,734 [Worker-24: Building] INFO  o.a.m.s.f.DefaultMavenResourcesFiltering - Copying 0 resource from src\main\resources to target\classes
2025-04-02 09:05:26,738 [Worker-24: Building] WARN  o.a.m.s.f.DefaultMavenResourcesFiltering - Using platform encoding (Cp1252 actually) to copy filtered resources, i.e. build is platform dependent!
2025-04-02 09:05:26,739 [Worker-24: Building] INFO  o.a.m.s.f.DefaultMavenResourcesFiltering - Copying 0 resource from src\test\resources to target\test-classes
2025-04-02 09:05:47,272 [Worker-27: Building] WARN  o.a.m.s.f.DefaultMavenResourcesFiltering - Using platform encoding (Cp1252 actually) to copy filtered resources, i.e. build is platform dependent!
2025-04-02 09:05:47,274 [Worker-27: Building] INFO  o.a.m.s.f.DefaultMavenResourcesFiltering - Copying 0 resource from src\main\resources to target\classes
2025-04-02 09:05:47,277 [Worker-27: Building] WARN  o.a.m.s.f.DefaultMavenResourcesFiltering - Using platform encoding (Cp1252 actually) to copy filtered resources, i.e. build is platform dependent!
2025-04-02 09:05:47,278 [Worker-27: Building] INFO  o.a.m.s.f.DefaultMavenResourcesFiltering - Copying 0 resource from src\test\resources to target\test-classes
2025-04-02 09:05:56,928 [Worker-27: Building] WARN  o.a.m.s.f.DefaultMavenResourcesFiltering - Using platform encoding (Cp1252 actually) to copy filtered resources, i.e. build is platform dependent!
2025-04-02 09:05:56,930 [Worker-27: Building] INFO  o.a.m.s.f.DefaultMavenResourcesFiltering - Copying 0 resource from src\main\resources to target\classes
2025-04-02 09:05:56,933 [Worker-27: Building] WARN  o.a.m.s.f.DefaultMavenResourcesFiltering - Using platform encoding (Cp1252 actually) to copy filtered resources, i.e. build is platform dependent!
2025-04-02 09:05:56,934 [Worker-27: Building] INFO  o.a.m.s.f.DefaultMavenResourcesFiltering - Copying 0 resource from src\test\resources to target\test-classes
2025-04-02 09:06:33,313 [Worker-24: Building] WARN  o.a.m.s.f.DefaultMavenResourcesFiltering - Using platform encoding (Cp1252 actually) to copy filtered resources, i.e. build is platform dependent!
2025-04-02 09:06:33,315 [Worker-24: Building] INFO  o.a.m.s.f.DefaultMavenResourcesFiltering - Copying 0 resource from src\main\resources to target\classes
2025-04-02 09:06:33,320 [Worker-24: Building] WARN  o.a.m.s.f.DefaultMavenResourcesFiltering - Using platform encoding (Cp1252 actually) to copy filtered resources, i.e. build is platform dependent!
2025-04-02 09:06:33,322 [Worker-24: Building] INFO  o.a.m.s.f.DefaultMavenResourcesFiltering - Copying 0 resource from src\test\resources to target\test-classes
2025-04-02 09:06:48,298 [Worker-26: Building] WARN  o.a.m.s.f.DefaultMavenResourcesFiltering - Using platform encoding (Cp1252 actually) to copy filtered resources, i.e. build is platform dependent!
2025-04-02 09:06:48,300 [Worker-26: Building] INFO  o.a.m.s.f.DefaultMavenResourcesFiltering - Copying 0 resource from src\main\resources to target\classes
2025-04-02 09:06:48,304 [Worker-26: Building] WARN  o.a.m.s.f.DefaultMavenResourcesFiltering - Using platform encoding (Cp1252 actually) to copy filtered resources, i.e. build is platform dependent!
2025-04-02 09:06:48,306 [Worker-26: Building] INFO  o.a.m.s.f.DefaultMavenResourcesFiltering - Copying 0 resource from src\test\resources to target\test-classes
2025-04-02 09:07:10,751 [Worker-24: Building] WARN  o.a.m.s.f.DefaultMavenResourcesFiltering - Using platform encoding (Cp1252 actually) to copy filtered resources, i.e. build is platform dependent!
2025-04-02 09:07:10,753 [Worker-24: Building] INFO  o.a.m.s.f.DefaultMavenResourcesFiltering - Copying 0 resource from src\main\resources to target\classes
2025-04-02 09:07:10,756 [Worker-24: Building] WARN  o.a.m.s.f.DefaultMavenResourcesFiltering - Using platform encoding (Cp1252 actually) to copy filtered resources, i.e. build is platform dependent!
2025-04-02 09:07:10,756 [Worker-24: Building] INFO  o.a.m.s.f.DefaultMavenResourcesFiltering - Copying 0 resource from src\test\resources to target\test-classes
2025-04-02 09:07:37,442 [Worker-28: Building] WARN  o.a.m.s.f.DefaultMavenResourcesFiltering - Using platform encoding (Cp1252 actually) to copy filtered resources, i.e. build is platform dependent!
2025-04-02 09:07:37,444 [Worker-28: Building] INFO  o.a.m.s.f.DefaultMavenResourcesFiltering - Copying 0 resource from src\main\resources to target\classes
2025-04-02 09:07:37,446 [Worker-28: Building] WARN  o.a.m.s.f.DefaultMavenResourcesFiltering - Using platform encoding (Cp1252 actually) to copy filtered resources, i.e. build is platform dependent!
2025-04-02 09:07:37,447 [Worker-28: Building] INFO  o.a.m.s.f.DefaultMavenResourcesFiltering - Copying 0 resource from src\test\resources to target\test-classes
2025-04-02 09:10:36,573 [Worker-23: Building] WARN  o.a.m.s.f.DefaultMavenResourcesFiltering - Using platform encoding (Cp1252 actually) to copy filtered resources, i.e. build is platform dependent!
2025-04-02 09:10:36,574 [Worker-23: Building] INFO  o.a.m.s.f.DefaultMavenResourcesFiltering - Copying 0 resource from src\main\resources to target\classes
2025-04-02 09:10:36,577 [Worker-23: Building] WARN  o.a.m.s.f.DefaultMavenResourcesFiltering - Using platform encoding (Cp1252 actually) to copy filtered resources, i.e. build is platform dependent!
2025-04-02 09:10:36,578 [Worker-23: Building] INFO  o.a.m.s.f.DefaultMavenResourcesFiltering - Copying 0 resource from src\test\resources to target\test-classes
2025-04-02 09:10:43,105 [Worker-22: Building] WARN  o.a.m.s.f.DefaultMavenResourcesFiltering - Using platform encoding (Cp1252 actually) to copy filtered resources, i.e. build is platform dependent!
2025-04-02 09:10:43,106 [Worker-22: Building] INFO  o.a.m.s.f.DefaultMavenResourcesFiltering - Copying 0 resource from src\main\resources to target\classes
2025-04-02 09:10:43,108 [Worker-22: Building] WARN  o.a.m.s.f.DefaultMavenResourcesFiltering - Using platform encoding (Cp1252 actually) to copy filtered resources, i.e. build is platform dependent!
2025-04-02 09:10:43,109 [Worker-22: Building] INFO  o.a.m.s.f.DefaultMavenResourcesFiltering - Copying 0 resource from src\test\resources to target\test-classes
2025-04-02 09:10:51,046 [Worker-30: Building] WARN  o.a.m.s.f.DefaultMavenResourcesFiltering - Using platform encoding (Cp1252 actually) to copy filtered resources, i.e. build is platform dependent!
2025-04-02 09:10:51,047 [Worker-30: Building] INFO  o.a.m.s.f.DefaultMavenResourcesFiltering - Copying 0 resource from src\main\resources to target\classes
2025-04-02 09:10:51,049 [Worker-30: Building] WARN  o.a.m.s.f.DefaultMavenResourcesFiltering - Using platform encoding (Cp1252 actually) to copy filtered resources, i.e. build is platform dependent!
2025-04-02 09:10:51,050 [Worker-30: Building] INFO  o.a.m.s.f.DefaultMavenResourcesFiltering - Copying 0 resource from src\test\resources to target\test-classes
2025-04-02 09:11:00,181 [Worker-23: Building] WARN  o.a.m.s.f.DefaultMavenResourcesFiltering - Using platform encoding (Cp1252 actually) to copy filtered resources, i.e. build is platform dependent!
2025-04-02 09:11:00,183 [Worker-23: Building] INFO  o.a.m.s.f.DefaultMavenResourcesFiltering - Copying 0 resource from src\main\resources to target\classes
2025-04-02 09:11:00,186 [Worker-23: Building] WARN  o.a.m.s.f.DefaultMavenResourcesFiltering - Using platform encoding (Cp1252 actually) to copy filtered resources, i.e. build is platform dependent!
2025-04-02 09:11:00,187 [Worker-23: Building] INFO  o.a.m.s.f.DefaultMavenResourcesFiltering - Copying 0 resource from src\test\resources to target\test-classes
2025-04-13 10:50:30,678 [Worker-3: Loading available Gradle versions] INFO  o.e.b.c.i.u.g.PublishedGradleVersions - Gradle version information cache is out-of-date. Trying to update.
2025-04-15 16:15:53,351 [Worker-2: Loading available Gradle versions] INFO  o.e.b.c.i.u.g.PublishedGradleVersions - Gradle version information cache is out-of-date. Trying to update.
2025-04-15 16:15:53,621 [Worker-2: Loading available Gradle versions] INFO  o.e.b.c.i.u.g.PublishedGradleVersions - Updating Gradle version information cache failed. Using outdated cache.
2025-04-15 16:16:51,634 [Worker-11: Building] WARN  o.a.m.s.f.DefaultMavenResourcesFiltering - Using platform encoding (Cp1252 actually) to copy filtered resources, i.e. build is platform dependent!
2025-04-15 16:16:51,642 [Worker-11: Building] INFO  o.a.m.s.f.DefaultMavenResourcesFiltering - Copying 0 resource from src\main\resources to target\classes
2025-04-15 16:16:51,650 [Worker-11: Building] WARN  o.a.m.s.f.DefaultMavenResourcesFiltering - Using platform encoding (Cp1252 actually) to copy filtered resources, i.e. build is platform dependent!
2025-04-15 16:16:51,652 [Worker-11: Building] INFO  o.a.m.s.f.DefaultMavenResourcesFiltering - Copying 0 resource from src\test\resources to target\test-classes
2025-04-15 16:17:04,540 [Worker-4: Building] WARN  o.a.m.s.f.DefaultMavenResourcesFiltering - Using platform encoding (Cp1252 actually) to copy filtered resources, i.e. build is platform dependent!
2025-04-15 16:17:04,544 [Worker-4: Building] INFO  o.a.m.s.f.DefaultMavenResourcesFiltering - Copying 0 resource from src\main\resources to target\classes
2025-04-15 16:17:04,548 [Worker-4: Building] WARN  o.a.m.s.f.DefaultMavenResourcesFiltering - Using platform encoding (Cp1252 actually) to copy filtered resources, i.e. build is platform dependent!
2025-04-15 16:17:04,549 [Worker-4: Building] INFO  o.a.m.s.f.DefaultMavenResourcesFiltering - Copying 0 resource from src\test\resources to target\test-classes
2025-04-15 16:17:22,303 [Worker-10: Building] WARN  o.a.m.s.f.DefaultMavenResourcesFiltering - Using platform encoding (Cp1252 actually) to copy filtered resources, i.e. build is platform dependent!
2025-04-15 16:17:22,308 [Worker-10: Building] INFO  o.a.m.s.f.DefaultMavenResourcesFiltering - Copying 0 resource from src\main\resources to target\classes
2025-04-15 16:17:22,310 [Worker-10: Building] WARN  o.a.m.s.f.DefaultMavenResourcesFiltering - Using platform encoding (Cp1252 actually) to copy filtered resources, i.e. build is platform dependent!
2025-04-15 16:17:22,312 [Worker-10: Building] INFO  o.a.m.s.f.DefaultMavenResourcesFiltering - Copying 0 resource from src\test\resources to target\test-classes
2025-04-15 16:17:41,506 [Worker-11: Building] WARN  o.a.m.s.f.DefaultMavenResourcesFiltering - Using platform encoding (Cp1252 actually) to copy filtered resources, i.e. build is platform dependent!
2025-04-15 16:17:41,507 [Worker-11: Building] INFO  o.a.m.s.f.DefaultMavenResourcesFiltering - Copying 0 resource from src\main\resources to target\classes
2025-04-15 16:17:41,510 [Worker-11: Building] WARN  o.a.m.s.f.DefaultMavenResourcesFiltering - Using platform encoding (Cp1252 actually) to copy filtered resources, i.e. build is platform dependent!
2025-04-15 16:17:41,512 [Worker-11: Building] INFO  o.a.m.s.f.DefaultMavenResourcesFiltering - Copying 0 resource from src\test\resources to target\test-classes
2025-04-15 16:18:11,331 [Worker-12: Building] WARN  o.a.m.s.f.DefaultMavenResourcesFiltering - Using platform encoding (Cp1252 actually) to copy filtered resources, i.e. build is platform dependent!
2025-04-15 16:18:11,332 [Worker-12: Building] INFO  o.a.m.s.f.DefaultMavenResourcesFiltering - Copying 0 resource from src\main\resources to target\classes
2025-04-15 16:18:11,337 [Worker-12: Building] WARN  o.a.m.s.f.DefaultMavenResourcesFiltering - Using platform encoding (Cp1252 actually) to copy filtered resources, i.e. build is platform dependent!
2025-04-15 16:18:11,339 [Worker-12: Building] INFO  o.a.m.s.f.DefaultMavenResourcesFiltering - Copying 0 resource from src\test\resources to target\test-classes
2025-04-15 16:18:27,721 [Worker-12: Building] WARN  o.a.m.s.f.DefaultMavenResourcesFiltering - Using platform encoding (Cp1252 actually) to copy filtered resources, i.e. build is platform dependent!
2025-04-15 16:18:27,724 [Worker-12: Building] INFO  o.a.m.s.f.DefaultMavenResourcesFiltering - Copying 0 resource from src\main\resources to target\classes
2025-04-15 16:18:27,735 [Worker-12: Building] WARN  o.a.m.s.f.DefaultMavenResourcesFiltering - Using platform encoding (Cp1252 actually) to copy filtered resources, i.e. build is platform dependent!
2025-04-15 16:18:27,737 [Worker-12: Building] INFO  o.a.m.s.f.DefaultMavenResourcesFiltering - Copying 0 resource from src\test\resources to target\test-classes
2025-04-15 16:19:52,875 [Worker-9: Building] WARN  o.a.m.s.f.DefaultMavenResourcesFiltering - Using platform encoding (Cp1252 actually) to copy filtered resources, i.e. build is platform dependent!
2025-04-15 16:19:52,876 [Worker-9: Building] INFO  o.a.m.s.f.DefaultMavenResourcesFiltering - Copying 0 resource from src\main\resources to target\classes
2025-04-15 16:19:52,879 [Worker-9: Building] WARN  o.a.m.s.f.DefaultMavenResourcesFiltering - Using platform encoding (Cp1252 actually) to copy filtered resources, i.e. build is platform dependent!
2025-04-15 16:19:52,884 [Worker-9: Building] INFO  o.a.m.s.f.DefaultMavenResourcesFiltering - Copying 0 resource from src\test\resources to target\test-classes
2025-04-16 09:34:16,339 [Worker-1: Loading available Gradle versions] INFO  o.e.b.c.i.u.g.PublishedGradleVersions - Gradle version information cache is out-of-date. Trying to update.
2025-04-16 09:34:16,823 [Worker-1: Loading available Gradle versions] INFO  o.e.b.c.i.u.g.PublishedGradleVersions - Updating Gradle version information cache failed. Using outdated cache.
2025-04-16 09:35:21,257 [Worker-14: Building] WARN  o.a.m.s.f.DefaultMavenResourcesFiltering - Using platform encoding (Cp1252 actually) to copy filtered resources, i.e. build is platform dependent!
2025-04-16 09:35:21,265 [Worker-14: Building] INFO  o.a.m.s.f.DefaultMavenResourcesFiltering - Copying 0 resource from src\main\resources to target\classes
2025-04-16 09:35:21,275 [Worker-14: Building] WARN  o.a.m.s.f.DefaultMavenResourcesFiltering - Using platform encoding (Cp1252 actually) to copy filtered resources, i.e. build is platform dependent!
2025-04-16 09:35:21,276 [Worker-14: Building] INFO  o.a.m.s.f.DefaultMavenResourcesFiltering - Copying 0 resource from src\test\resources to target\test-classes
2025-04-16 09:35:42,675 [Worker-2: Building] WARN  o.a.m.s.f.DefaultMavenResourcesFiltering - Using platform encoding (Cp1252 actually) to copy filtered resources, i.e. build is platform dependent!
2025-04-16 09:35:42,679 [Worker-2: Building] INFO  o.a.m.s.f.DefaultMavenResourcesFiltering - Copying 0 resource from src\main\resources to target\classes
2025-04-16 09:35:42,683 [Worker-2: Building] WARN  o.a.m.s.f.DefaultMavenResourcesFiltering - Using platform encoding (Cp1252 actually) to copy filtered resources, i.e. build is platform dependent!
2025-04-16 09:35:42,685 [Worker-2: Building] INFO  o.a.m.s.f.DefaultMavenResourcesFiltering - Copying 0 resource from src\test\resources to target\test-classes
2025-04-16 09:36:58,583 [Worker-6: Building] WARN  o.a.m.s.f.DefaultMavenResourcesFiltering - Using platform encoding (Cp1252 actually) to copy filtered resources, i.e. build is platform dependent!
2025-04-16 09:36:58,586 [Worker-6: Building] INFO  o.a.m.s.f.DefaultMavenResourcesFiltering - Copying 0 resource from src\main\resources to target\classes
2025-04-16 09:36:58,596 [Worker-6: Building] WARN  o.a.m.s.f.DefaultMavenResourcesFiltering - Using platform encoding (Cp1252 actually) to copy filtered resources, i.e. build is platform dependent!
2025-04-16 09:36:58,599 [Worker-6: Building] INFO  o.a.m.s.f.DefaultMavenResourcesFiltering - Copying 0 resource from src\test\resources to target\test-classes
2025-04-16 09:38:45,504 [Worker-0: Building] WARN  o.a.m.s.f.DefaultMavenResourcesFiltering - Using platform encoding (Cp1252 actually) to copy filtered resources, i.e. build is platform dependent!
2025-04-16 09:38:45,508 [Worker-0: Building] INFO  o.a.m.s.f.DefaultMavenResourcesFiltering - Copying 0 resource from src\main\resources to target\classes
2025-04-16 09:38:45,512 [Worker-0: Building] WARN  o.a.m.s.f.DefaultMavenResourcesFiltering - Using platform encoding (Cp1252 actually) to copy filtered resources, i.e. build is platform dependent!
2025-04-16 09:38:45,513 [Worker-0: Building] INFO  o.a.m.s.f.DefaultMavenResourcesFiltering - Copying 0 resource from src\test\resources to target\test-classes
2025-04-16 09:38:53,224 [Worker-12: Building] WARN  o.a.m.s.f.DefaultMavenResourcesFiltering - Using platform encoding (Cp1252 actually) to copy filtered resources, i.e. build is platform dependent!
2025-04-16 09:38:53,226 [Worker-12: Building] INFO  o.a.m.s.f.DefaultMavenResourcesFiltering - Copying 0 resource from src\main\resources to target\classes
2025-04-16 09:38:53,232 [Worker-12: Building] WARN  o.a.m.s.f.DefaultMavenResourcesFiltering - Using platform encoding (Cp1252 actually) to copy filtered resources, i.e. build is platform dependent!
2025-04-16 09:38:53,235 [Worker-12: Building] INFO  o.a.m.s.f.DefaultMavenResourcesFiltering - Copying 0 resource from src\test\resources to target\test-classes
2025-04-16 09:39:21,301 [Worker-3: Building] WARN  o.a.m.s.f.DefaultMavenResourcesFiltering - Using platform encoding (Cp1252 actually) to copy filtered resources, i.e. build is platform dependent!
2025-04-16 09:39:21,303 [Worker-3: Building] INFO  o.a.m.s.f.DefaultMavenResourcesFiltering - Copying 0 resource from src\main\resources to target\classes
2025-04-16 09:39:21,322 [Worker-3: Building] WARN  o.a.m.s.f.DefaultMavenResourcesFiltering - Using platform encoding (Cp1252 actually) to copy filtered resources, i.e. build is platform dependent!
2025-04-16 09:39:21,323 [Worker-3: Building] INFO  o.a.m.s.f.DefaultMavenResourcesFiltering - Copying 0 resource from src\test\resources to target\test-classes
2025-04-16 09:40:32,458 [Worker-15: Building] WARN  o.a.m.s.f.DefaultMavenResourcesFiltering - Using platform encoding (Cp1252 actually) to copy filtered resources, i.e. build is platform dependent!
2025-04-16 09:40:32,460 [Worker-15: Building] INFO  o.a.m.s.f.DefaultMavenResourcesFiltering - Copying 0 resource from src\main\resources to target\classes
2025-04-16 09:40:32,466 [Worker-15: Building] WARN  o.a.m.s.f.DefaultMavenResourcesFiltering - Using platform encoding (Cp1252 actually) to copy filtered resources, i.e. build is platform dependent!
2025-04-16 09:40:32,467 [Worker-15: Building] INFO  o.a.m.s.f.DefaultMavenResourcesFiltering - Copying 0 resource from src\test\resources to target\test-classes
2025-04-16 09:41:20,818 [Worker-12: Building] WARN  o.a.m.s.f.DefaultMavenResourcesFiltering - Using platform encoding (Cp1252 actually) to copy filtered resources, i.e. build is platform dependent!
2025-04-16 09:41:20,820 [Worker-12: Building] INFO  o.a.m.s.f.DefaultMavenResourcesFiltering - Copying 0 resource from src\main\resources to target\classes
2025-04-16 09:41:20,825 [Worker-12: Building] WARN  o.a.m.s.f.DefaultMavenResourcesFiltering - Using platform encoding (Cp1252 actually) to copy filtered resources, i.e. build is platform dependent!
2025-04-16 09:41:20,826 [Worker-12: Building] INFO  o.a.m.s.f.DefaultMavenResourcesFiltering - Copying 0 resource from src\test\resources to target\test-classes
2025-04-16 09:41:29,342 [Worker-0: Building] WARN  o.a.m.s.f.DefaultMavenResourcesFiltering - Using platform encoding (Cp1252 actually) to copy filtered resources, i.e. build is platform dependent!
2025-04-16 09:41:29,343 [Worker-0: Building] INFO  o.a.m.s.f.DefaultMavenResourcesFiltering - Copying 0 resource from src\main\resources to target\classes
2025-04-16 09:41:29,346 [Worker-0: Building] WARN  o.a.m.s.f.DefaultMavenResourcesFiltering - Using platform encoding (Cp1252 actually) to copy filtered resources, i.e. build is platform dependent!
2025-04-16 09:41:29,350 [Worker-0: Building] INFO  o.a.m.s.f.DefaultMavenResourcesFiltering - Copying 0 resource from src\test\resources to target\test-classes
2025-04-16 09:44:13,378 [Worker-0: Building] WARN  o.a.m.s.f.DefaultMavenResourcesFiltering - Using platform encoding (Cp1252 actually) to copy filtered resources, i.e. build is platform dependent!
2025-04-16 09:44:13,381 [Worker-0: Building] INFO  o.a.m.s.f.DefaultMavenResourcesFiltering - Copying 0 resource from src\main\resources to target\classes
2025-04-16 09:44:13,384 [Worker-0: Building] WARN  o.a.m.s.f.DefaultMavenResourcesFiltering - Using platform encoding (Cp1252 actually) to copy filtered resources, i.e. build is platform dependent!
2025-04-16 09:44:13,385 [Worker-0: Building] INFO  o.a.m.s.f.DefaultMavenResourcesFiltering - Copying 0 resource from src\test\resources to target\test-classes
2025-04-16 09:44:19,672 [Worker-0: Building] WARN  o.a.m.s.f.DefaultMavenResourcesFiltering - Using platform encoding (Cp1252 actually) to copy filtered resources, i.e. build is platform dependent!
2025-04-16 09:44:19,674 [Worker-0: Building] INFO  o.a.m.s.f.DefaultMavenResourcesFiltering - Copying 0 resource from src\main\resources to target\classes
2025-04-16 09:44:19,679 [Worker-0: Building] WARN  o.a.m.s.f.DefaultMavenResourcesFiltering - Using platform encoding (Cp1252 actually) to copy filtered resources, i.e. build is platform dependent!
2025-04-16 09:44:19,681 [Worker-0: Building] INFO  o.a.m.s.f.DefaultMavenResourcesFiltering - Copying 0 resource from src\test\resources to target\test-classes
2025-04-16 09:45:51,051 [Worker-18: Building] WARN  o.a.m.s.f.DefaultMavenResourcesFiltering - Using platform encoding (Cp1252 actually) to copy filtered resources, i.e. build is platform dependent!
2025-04-16 09:45:51,053 [Worker-18: Building] INFO  o.a.m.s.f.DefaultMavenResourcesFiltering - Copying 0 resource from src\main\resources to target\classes
2025-04-16 09:45:51,056 [Worker-18: Building] WARN  o.a.m.s.f.DefaultMavenResourcesFiltering - Using platform encoding (Cp1252 actually) to copy filtered resources, i.e. build is platform dependent!
2025-04-16 09:45:51,057 [Worker-18: Building] INFO  o.a.m.s.f.DefaultMavenResourcesFiltering - Copying 0 resource from src\test\resources to target\test-classes
2025-04-16 09:49:54,242 [Worker-25: Building] WARN  o.a.m.s.f.DefaultMavenResourcesFiltering - Using platform encoding (Cp1252 actually) to copy filtered resources, i.e. build is platform dependent!
2025-04-16 09:49:54,243 [Worker-25: Building] INFO  o.a.m.s.f.DefaultMavenResourcesFiltering - Copying 0 resource from src\main\resources to target\classes
2025-04-16 09:49:54,246 [Worker-25: Building] WARN  o.a.m.s.f.DefaultMavenResourcesFiltering - Using platform encoding (Cp1252 actually) to copy filtered resources, i.e. build is platform dependent!
2025-04-16 09:49:54,247 [Worker-25: Building] INFO  o.a.m.s.f.DefaultMavenResourcesFiltering - Copying 0 resource from src\test\resources to target\test-classes
2025-04-16 10:10:29,001 [Worker-30: Building] WARN  o.a.m.s.f.DefaultMavenResourcesFiltering - Using platform encoding (Cp1252 actually) to copy filtered resources, i.e. build is platform dependent!
2025-04-16 10:10:29,003 [Worker-30: Building] INFO  o.a.m.s.f.DefaultMavenResourcesFiltering - Copying 0 resource from src\main\resources to target\classes
2025-04-16 10:10:29,007 [Worker-30: Building] WARN  o.a.m.s.f.DefaultMavenResourcesFiltering - Using platform encoding (Cp1252 actually) to copy filtered resources, i.e. build is platform dependent!
2025-04-16 10:10:29,008 [Worker-30: Building] INFO  o.a.m.s.f.DefaultMavenResourcesFiltering - Copying 0 resource from src\test\resources to target\test-classes
2025-04-16 10:12:05,284 [Worker-30: Building] WARN  o.a.m.s.f.DefaultMavenResourcesFiltering - Using platform encoding (Cp1252 actually) to copy filtered resources, i.e. build is platform dependent!
2025-04-16 10:12:05,285 [Worker-30: Building] INFO  o.a.m.s.f.DefaultMavenResourcesFiltering - Copying 0 resource from src\main\resources to target\classes
2025-04-16 10:12:05,289 [Worker-30: Building] WARN  o.a.m.s.f.DefaultMavenResourcesFiltering - Using platform encoding (Cp1252 actually) to copy filtered resources, i.e. build is platform dependent!
2025-04-16 10:12:05,290 [Worker-30: Building] INFO  o.a.m.s.f.DefaultMavenResourcesFiltering - Copying 0 resource from src\test\resources to target\test-classes
2025-04-16 10:12:18,229 [Worker-33: Building] WARN  o.a.m.s.f.DefaultMavenResourcesFiltering - Using platform encoding (Cp1252 actually) to copy filtered resources, i.e. build is platform dependent!
2025-04-16 10:12:18,230 [Worker-33: Building] INFO  o.a.m.s.f.DefaultMavenResourcesFiltering - Copying 0 resource from src\main\resources to target\classes
2025-04-16 10:12:18,234 [Worker-33: Building] WARN  o.a.m.s.f.DefaultMavenResourcesFiltering - Using platform encoding (Cp1252 actually) to copy filtered resources, i.e. build is platform dependent!
2025-04-16 10:12:18,235 [Worker-33: Building] INFO  o.a.m.s.f.DefaultMavenResourcesFiltering - Copying 0 resource from src\test\resources to target\test-classes
2025-04-16 10:12:30,954 [Worker-24: Building] WARN  o.a.m.s.f.DefaultMavenResourcesFiltering - Using platform encoding (Cp1252 actually) to copy filtered resources, i.e. build is platform dependent!
2025-04-16 10:12:30,958 [Worker-24: Building] INFO  o.a.m.s.f.DefaultMavenResourcesFiltering - Copying 0 resource from src\main\resources to target\classes
2025-04-16 10:12:30,963 [Worker-24: Building] WARN  o.a.m.s.f.DefaultMavenResourcesFiltering - Using platform encoding (Cp1252 actually) to copy filtered resources, i.e. build is platform dependent!
2025-04-16 10:12:30,964 [Worker-24: Building] INFO  o.a.m.s.f.DefaultMavenResourcesFiltering - Copying 0 resource from src\test\resources to target\test-classes
2025-04-16 10:12:58,837 [Worker-34: Building] WARN  o.a.m.s.f.DefaultMavenResourcesFiltering - Using platform encoding (Cp1252 actually) to copy filtered resources, i.e. build is platform dependent!
2025-04-16 10:12:58,839 [Worker-34: Building] INFO  o.a.m.s.f.DefaultMavenResourcesFiltering - Copying 0 resource from src\main\resources to target\classes
2025-04-16 10:12:58,846 [Worker-34: Building] WARN  o.a.m.s.f.DefaultMavenResourcesFiltering - Using platform encoding (Cp1252 actually) to copy filtered resources, i.e. build is platform dependent!
2025-04-16 10:12:58,848 [Worker-34: Building] INFO  o.a.m.s.f.DefaultMavenResourcesFiltering - Copying 0 resource from src\test\resources to target\test-classes
2025-04-16 10:13:12,354 [Worker-33: Building] WARN  o.a.m.s.f.DefaultMavenResourcesFiltering - Using platform encoding (Cp1252 actually) to copy filtered resources, i.e. build is platform dependent!
2025-04-16 10:13:12,355 [Worker-33: Building] INFO  o.a.m.s.f.DefaultMavenResourcesFiltering - Copying 0 resource from src\main\resources to target\classes
2025-04-16 10:13:12,359 [Worker-33: Building] WARN  o.a.m.s.f.DefaultMavenResourcesFiltering - Using platform encoding (Cp1252 actually) to copy filtered resources, i.e. build is platform dependent!
2025-04-16 10:13:12,360 [Worker-33: Building] INFO  o.a.m.s.f.DefaultMavenResourcesFiltering - Copying 0 resource from src\test\resources to target\test-classes
2025-04-16 10:13:20,049 [Worker-33: Building] WARN  o.a.m.s.f.DefaultMavenResourcesFiltering - Using platform encoding (Cp1252 actually) to copy filtered resources, i.e. build is platform dependent!
2025-04-16 10:13:20,050 [Worker-33: Building] INFO  o.a.m.s.f.DefaultMavenResourcesFiltering - Copying 0 resource from src\main\resources to target\classes
2025-04-16 10:13:20,053 [Worker-33: Building] WARN  o.a.m.s.f.DefaultMavenResourcesFiltering - Using platform encoding (Cp1252 actually) to copy filtered resources, i.e. build is platform dependent!
2025-04-16 10:13:20,054 [Worker-33: Building] INFO  o.a.m.s.f.DefaultMavenResourcesFiltering - Copying 0 resource from src\test\resources to target\test-classes
2025-04-16 10:13:35,779 [Worker-34: Building] WARN  o.a.m.s.f.DefaultMavenResourcesFiltering - Using platform encoding (Cp1252 actually) to copy filtered resources, i.e. build is platform dependent!
2025-04-16 10:13:35,780 [Worker-34: Building] INFO  o.a.m.s.f.DefaultMavenResourcesFiltering - Copying 0 resource from src\main\resources to target\classes
2025-04-16 10:13:35,783 [Worker-34: Building] WARN  o.a.m.s.f.DefaultMavenResourcesFiltering - Using platform encoding (Cp1252 actually) to copy filtered resources, i.e. build is platform dependent!
2025-04-16 10:13:35,784 [Worker-34: Building] INFO  o.a.m.s.f.DefaultMavenResourcesFiltering - Copying 0 resource from src\test\resources to target\test-classes
2025-04-16 10:14:03,662 [Worker-32: Building] WARN  o.a.m.s.f.DefaultMavenResourcesFiltering - Using platform encoding (Cp1252 actually) to copy filtered resources, i.e. build is platform dependent!
2025-04-16 10:14:03,664 [Worker-32: Building] INFO  o.a.m.s.f.DefaultMavenResourcesFiltering - Copying 0 resource from src\main\resources to target\classes
2025-04-16 10:14:03,667 [Worker-32: Building] WARN  o.a.m.s.f.DefaultMavenResourcesFiltering - Using platform encoding (Cp1252 actually) to copy filtered resources, i.e. build is platform dependent!
2025-04-16 10:14:03,668 [Worker-32: Building] INFO  o.a.m.s.f.DefaultMavenResourcesFiltering - Copying 0 resource from src\test\resources to target\test-classes
2025-04-16 10:15:57,376 [Worker-33: Building] WARN  o.a.m.s.f.DefaultMavenResourcesFiltering - Using platform encoding (Cp1252 actually) to copy filtered resources, i.e. build is platform dependent!
2025-04-16 10:15:57,378 [Worker-33: Building] INFO  o.a.m.s.f.DefaultMavenResourcesFiltering - Copying 0 resource from src\main\resources to target\classes
2025-04-16 10:15:57,383 [Worker-33: Building] WARN  o.a.m.s.f.DefaultMavenResourcesFiltering - Using platform encoding (Cp1252 actually) to copy filtered resources, i.e. build is platform dependent!
2025-04-16 10:15:57,385 [Worker-33: Building] INFO  o.a.m.s.f.DefaultMavenResourcesFiltering - Copying 0 resource from src\test\resources to target\test-classes
